{"z":0.8999999999999999,"x":[5,6,7,8,9,10,11,12,13,14,15,16,17,18,19,20,21,22,23,24,25,26,27,28,29,30,31,32,33,34,35],"x0":[9.5,11.399999999999999,13.299999999999999,15.2,17.099999999999998,19,20.9,22.799999999999997,24.7,26.599999999999998,28.5,30.4,32.3,34.199999999999996,36.1,38,39.9,41.8,43.699999999999996,45.599999999999994,47.5,49.4,51.3,53.199999999999996,55.099999999999994,57,58.9,60.8,62.699999999999996,64.6,66.5],"x_error":[0.5758638980010318,0.965509897961066,1.0463942412970715,1.1550225902292648,1.0469976696209984,0.9142592062896442,1.0046683219077064,0.46560946492476407,0.7577942678354328,0.4535140151628708,0.8335077659541958,0.8546610940591599,0.7420415870298349,0.9845018794693122,0.9882362074700949,0.9387222798302769,1.0791451938158882,0.40584976828235286,0.929500539562786,0.547728831061344,1.0055594351152022,0.891116035651184,1.0043205608720804,1.0731718554821739,0.857221348201578,0.8954549589031986,0.8254489735802991,0.9241892603986621,0.7782258211268898,0.45843955328586766,1.0686454462397532],"y":[686.1557873233847,846.2231645518217,1036.456078191828,1216.5516613072032,1335.9599657826118,1657.0467956576958,1649.3441009336327,1585.6513719612115,1542.8525649682722,1733.6697872175605,1701.0820414545672,1642.8614181868413,1585.150321650255,1588.8599899967783,1659.3503855317385,1778.5982299150141,1986.2645264708985,2177.659751392406,1947.2601352792012,1723.6213349923985,1651.5586473657,1206.1054580660825,914.7563213432418,713.4944333057151,565.5649827276069,417.3388368103698,370.8598038373381,308.688162383292,243.88373539438498,208.19086153713872,191.83348507610071],"y_error":[223.95870550426088,216.00340409420414,493.5077951670742,240.0287931957007,199.41394783549137,269.31456223161143,264.72177553287634,93.33331176037751,227.71596089980406,151.03680408612652,499.65743861739367,258.88956851383216,198.19594131692608,314.3012675215722,379.87762873930933,34.732845462695614,124.20290245813315,159.2130958701534,103.18269459053842,30.395592271859396,291.2040162745576,329.43667148635757,234.9580689325963,478.43719368603666,424.89775018987086,154.13238936519014,282.11379216299457,79.97673526694726,406.687224453547,352.67998565723224,312.21699608603524]}