{"z":0.2,"x":[5,6,7,8,9,10,11,12,13,14,15,16,17,18,19,20,21,22,23,24,25,26,27,28,29,30,31,32,33,34,35],"x0":[6,7.199999999999999,8.4,9.6,10.799999999999999,12,13.2,14.399999999999999,15.6,16.8,18,19.2,20.4,21.599999999999998,22.8,24,25.2,26.4,27.599999999999998,28.799999999999997,30,31.2,32.4,33.6,34.8,36,37.199999999999996,38.4,39.6,40.8,42],"x_error":[0.749315913790388,0.7836140788839481,0.6971943295506832,0.5405163930802559,0.48902599730583235,0.7560039299148927,0.8768222248241648,0.6099662033320201,0.8872825860045517,0.5684300191074988,0.5485786327262214,0.4036839369782338,0.5288955812454279,0.9483984785293256,0.7467949683655164,0.8268818364051775,0.5032978180504842,0.9188276231553136,0.7612825841704305,0.33153811323578297,0.4984262046967135,0.38461016479342136,0.5490021530157451,0.7237293920619607,0.5687713317274921,0.6325871086019057,0.5750631310194052,0.9573841017422904,0.7577836775582867,0.4082921179292025,0.872156472374354],"y":[652.6954434172635,854.1628414133733,991.4343836295404,1187.9663896470547,1372.0927940907081,1550.7516805100875,1631.3307452070537,1641.563718746725,1623.0884787972027,1725.9876145374274,1702.4877575133999,1749.8063349946526,1656.0415645436449,1563.8072424602408,1571.619110809612,1758.6991122878403,1749.6488067431596,1929.8833031006643,1862.4090283325406,1644.0991393330066,1614.7271051716166,1155.4911078281746,906.8797548490305,712.465653655376,529.6207716415327,441.2370944576156,353.68601692396714,273.88157420001403,248.23610417847192,212.2222705787343,182.670096803797],"y_error":[196.62013192538274,201.14760491961115,86.88033702139842,45.402310258936154,46.56238401591073,400.0021694563821,172.24213554653102,470.6818098206477,405.870117031399,129.41174381876507,211.27676256607808,74.55784274709542,77.80310088667619,272.9336941304551,302.9347191206202,34.433841944451984,454.01146328313735,189.27255860515803,172.67553903074884,331.47469563815645,108.93289886879309,493.42026627060187,14.306592803042918,60.73766316317164,143.39699249959216,494.1193262487042,462.4995797298854,375.11192640445887,322.2440202363555,317.44526477597435,224.92852559373722]}