{"z":0.30000000000000004,"x":[5,6,7,8,9,10,11,12,13,14,15,16,17,18,19,20,21,22,23,24,25,26,27,28,29,30,31,32,33,34,35],"x0":[6.5,7.800000000000001,9.1,10.4,11.700000000000001,13,14.3,15.600000000000001,16.900000000000002,18.2,19.5,20.8,22.1,23.400000000000002,24.7,26,27.3,28.6,29.900000000000002,31.200000000000003,32.5,33.800000000000004,35.1,36.4,37.7,39,40.300000000000004,41.6,42.9,44.2,45.5],"x_error":[0.34944725419854394,0.5662865711708427,0.9380794923582718,0.49182585334916284,0.8622268808674525,0.4131452248942459,0.5326692502782333,0.6625939343458798,0.7534090706751954,0.5367917349095704,0.9654140289267437,0.8190359702104382,0.9759791394710893,0.8236588502277619,0.655506946317135,0.8405871627970936,0.6771594836994485,0.6057102142834347,0.8787611777537592,0.7588115576611818,0.8966397948682818,0.9507369809718214,0.45552530187466883,0.3470143643434742,0.7494513372331048,0.7717127227732534,0.6293353158020072,0.4390344323744152,0.6455984513016699,0.8469798843315091,0.901169827840536],"y":[665.6055559517657,848.8098468507101,984.3422168570589,1150.6330248466109,1342.3244440840633,1615.1665412194118,1605.0230650329363,1665.50177353498,1578.41955560303,1731.4267909424325,1782.731202573334,1724.1481090813654,1663.9239413522437,1592.6893145169374,1669.0690764967835,1654.019775726683,1916.4782415989223,1922.85968808183,1806.065455860634,1705.0884117392116,1644.9576163112758,1223.7992309667015,898.0772801014901,682.0525919302036,522.9713551501295,445.93680370609707,337.68268823780267,284.464544934006,234.04522164741755,207.06969009541194,180.4133712663195],"y_error":[233.07152844749945,366.2876681672458,296.23850329140765,366.0055751130323,42.52447026040906,273.5344848298961,203.48506837586578,93.65485883649505,175.74489818767935,48.15920782932315,248.50977920858307,359.090495925986,222.12652707542068,471.17228604950003,40.47623748091056,69.04469590296725,78.36223393643627,169.6654776102755,46.41547263829837,492.68095133918735,278.590881528013,361.5547297507129,122.29705069639863,252.64436166146086,29.012125245403976,475.42229223016477,53.123408581664535,22.850149292050205,73.97557547832223,338.12531905820555,487.3757626555454]}