{"z":0.5,"x":[5,6,7,8,9,10,11,12,13,14,15,16,17,18,19,20,21,22,23,24,25,26,27,28,29,30,31,32,33,34,35],"x0":[7.5,9,10.5,12,13.5,15,16.5,18,19.5,21,22.5,24,25.5,27,28.5,30,31.5,33,34.5,36,37.5,39,40.5,42,43.5,45,46.5,48,49.5,51,52.5],"x_error":[0.4774348609865386,0.7844384386096346,0.929875954934891,0.5816409090496897,0.6853532175581185,0.5884079493551206,0.8050000289285091,0.793066242691427,0.747992969732385,0.4096469050415727,0.9793666564501953,0.7998301671965672,0.45039435377493714,0.8909636725309049,0.9376915397514927,0.904025518314848,0.5115793118176095,0.6059938991702474,0.3937266693537239,0.6391456560726805,0.398709348077911,0.6460041111921992,0.37871039246871646,0.9027108038218157,0.7377892746978847,0.8138833584422644,0.6462285992193602,0.782619077078037,0.8236617399143191,0.36998461996166193,0.8189076784669194],"y":[626.7542745908365,852.1341123528629,991.9301972679573,1219.3065049050065,1372.5135920496318,1586.9132729512319,1581.1537544783787,1664.936637762411,1664.0071418635946,1669.6458688665823,1813.8194627372786,1658.1487132231812,1632.3956272188054,1607.1441487715856,1609.4920484337026,1634.5702791060485,1969.5631210113252,1995.1920748402904,1934.071540476861,1650.47815463022,1588.418892561794,1142.7715919603618,899.2857698298933,677.8483448823997,558.0959271601051,429.32110355377523,344.76434083622047,297.1285508196927,248.20768274889934,211.34601469428463,182.40533278002934],"y_error":[164.29462579278064,272.4551722787523,339.88466518747316,448.19425046787654,409.1980222134801,443.01103571489375,337.513603181592,343.8776726946965,428.10408955695686,416.4317692834084,94.4823171821757,233.97735195148283,132.05146883455575,249.44247582001645,282.9772040211714,434.79640450946323,398.8691871704304,52.089812247438026,177.73118904454765,338.7764648361259,275.97597119829885,320.852489325674,115.53854173481226,426.7199200352184,31.382616912906556,84.67053650009714,460.633564872048,312.629602981683,73.37870782892408,244.27121704527767,382.0627096842353]}