{"z":0,"x":[5,6,7,8,9,10,11,12,13,14,15,16,17,18,19,20,21,22,23,24,25,26,27,28,29,30,31,32,33,34,35],"x0":[5,6,7,8,9,10,11,12,13,14,15,16,17,18,19,20,21,22,23,24,25,26,27,28,29,30,31,32,33,34,35],"x_error":[0.46943028821276517,0.8586932972105412,0.3738735956185728,0.3337947605817473,0.7456460013416537,0.8841586079770118,0.392269161421868,0.552264312028683,0.8432491542438381,0.5285215565676504,0.6655340277819854,0.34098693738860597,0.8238149883095616,0.3413969903262708,0.3722139224682899,0.4810696548283992,0.5957038291663821,0.3372433831547697,0.8356255233075867,0.5254432829163609,0.3519443444628024,0.7098143467948028,0.6680958615601491,0.820067734512258,0.7141885713626075,0.8619990713650554,0.5344529794924358,0.6743604240426149,0.6763166682529674,0.86969359856337,0.8611873439326143],"y":[642.9224472412483,840.3290230569702,1007.1524016517391,1229.5552854100852,1394.5706929325593,1607.3766130534088,1663.4623309205217,1622.4440249340043,1581.4299894942174,1712.1747891778475,1830.425653747529,1679.549911242667,1620.1129583288339,1666.745352741724,1682.8150879303348,1665.8623528066605,1831.0236162776282,1753.0886231431145,1716.0861228671895,1623.934447492689,1579.6911541290501,1209.9457468839914,844.2244005769672,684.3546690159251,529.0575662919675,431.30783908231746,344.7236904342246,294.0711626174747,236.13612247622893,203.97870962820468,169.85804097211684],"y_error":[9.6542024928582,318.2455023334857,484.8049929738797,246.79286219642904,484.26726124522787,22.666246209096187,475.695971375088,128.65863595966098,236.64628236297514,265.7398397506436,425.24583093388935,426.25257641629156,32.76360483363505,273.00335495680906,214.65867545935035,278.9338475420091,332.795935060503,364.2456901235783,175.58868461910427,232.78370981981078,399.5670011187933,388.1969148010497,87.84843391893705,185.56289123959425,145.69313669933138,274.4586824260329,443.1362834286081,14.876211523154215,286.5017931464663,462.0372340413342,27.20501734947267]}