{"z":0.9999999999999999,"x":[5,6,7,8,9,10,11,12,13,14,15,16,17,18,19,20,21,22,23,24,25,26,27,28,29,30,31,32,33,34,35],"x0":[10,12,14,16,18,20,22,24,26,28,30,32,34,36,38,40,42,44,46,48,50,52,54,56,58,60,62,64,66,68,70],"x_error":[0.8219292328881902,0.6831476458434642,0.6999275693283948,0.6686428370279798,1.079190237579218,0.7720488532184422,0.4674328549956957,0.6135049964421426,0.5924459860940775,1.1882930299379235,1.0496596389241237,0.6023785067346128,0.41040997968853143,0.6401704845207186,0.43045933477269693,0.8296428487076566,0.6614216638329078,0.992538109152767,0.9060947715423864,1.0228058677686929,0.5620263417804887,0.9209357567684944,1.1911100776135426,0.9574160493140556,0.5040906363036144,0.8499942887332433,0.6858677826043983,0.5025551752492583,0.6642401870888277,0.5211703608185596,0.7312574640066569],"y":[638.7966873360416,831.2356056103207,1003.3314786321503,1177.504889029698,1344.3094762457408,1524.196812811313,1587.8214104762226,1549.5374390053798,1571.9173969723458,1753.415701486924,1740.5607175467112,1643.3070763793496,1600.345794431073,1637.246697712919,1647.5775529972973,1725.044184968992,1972.1158860906157,2254.532009572237,2005.8516630724882,1707.6588284905963,1633.6407035076982,1247.3719290716353,857.1461053152167,715.5508264778653,551.4822446334716,433.3515508078422,363.22256222142545,296.4442241890562,244.95974005355123,210.98368304267376,183.82314765956832],"y_error":[485.086970688971,280.2048415085903,61.78655674019107,255.60385408944632,458.5464875509988,79.22644925606359,38.413215890844675,59.59052725666303,365.5781573664074,12.440898442365956,357.4318910129026,230.40233660948795,44.03828561256273,447.43558914076175,383.14468965255065,123.9973973145394,479.4320497162513,170.17260872324914,210.85362361698233,367.5744237620714,461.17956839625816,186.12736821633024,445.4161728193763,205.9246791024255,423.5313138290061,159.12996996376495,318.14814621290554,6.6489542315919525,100.62858882057779,476.25099197270947,207.9651155879527]}