{"z":0.6,"x":[5,6,7,8,9,10,11,12,13,14,15,16,17,18,19,20,21,22,23,24,25,26,27,28,29,30,31,32,33,34,35],"x0":[8,9.600000000000001,11.200000000000001,12.8,14.4,16,17.6,19.200000000000003,20.8,22.400000000000002,24,25.6,27.200000000000003,28.8,30.400000000000002,32,33.6,35.2,36.800000000000004,38.400000000000006,40,41.6,43.2,44.800000000000004,46.400000000000006,48,49.6,51.2,52.800000000000004,54.400000000000006,56],"x_error":[0.6913124479821551,0.6299619695210471,0.6397285897826728,0.7330472705325017,0.5591745439638423,0.6720802694804514,0.3647494550911382,1.041122613279665,0.8035052287431484,0.4766483067730146,0.5657789032532001,1.034556303458309,0.585717112296949,0.9804400394685144,0.8498952315264561,0.4618459514721804,0.39915634898919955,0.5850529983951034,0.38633931672814237,0.6597952864777628,0.7733610199063687,1.0695643629701643,0.37147122144249756,0.4622651933161089,0.709806606673561,0.6452848353953329,0.9530503002718262,1.0731667862531067,0.9707661978022173,0.7634890083302766,0.7232632691841814],"y":[651.804019747441,843.4799318633903,1052.0762221422594,1193.9604014522413,1335.3620693380963,1559.1822619361765,1624.0150121285135,1539.104462377849,1643.9469186381732,1688.4010371826603,1829.924165063694,1626.701024963558,1560.088729211939,1653.1701602122089,1679.1513518826066,1752.651716097362,1830.894345380622,2027.1865210620304,1895.9277942072943,1677.5734027732603,1570.1546793897865,1150.269310504665,855.554201868468,681.0422357610595,561.9435500777653,423.85822043824857,351.27110128316383,281.27035426224325,251.471814971586,213.7581915906115,180.55269032322786],"y_error":[326.04774712672366,356.3034825163659,179.17050683072566,495.44680502193717,154.33448019367657,308.99096573881803,273.34775653858935,353.2720583318302,142.10113692869697,263.5816621670818,139.75754606825384,138.56402215229568,471.8353713214729,485.54130270827034,311.0933057715887,130.35590326893563,34.25608865285334,420.82962492970654,153.98267101617614,141.20351195352566,314.21651932124485,444.04000065887175,123.56820632498888,463.0570525849741,348.82422554890724,164.32184252798032,97.95521679889485,132.30539246744033,472.38537675627947,453.90494773853953,21.033708819826693]}