{"z":0.4,"x":[5,6,7,8,9,10,11,12,13,14,15,16,17,18,19,20,21,22,23,24,25,26,27,28,29,30,31,32,33,34,35],"x0":[7,8.399999999999999,9.799999999999999,11.2,12.6,14,15.399999999999999,16.799999999999997,18.2,19.599999999999998,21,22.4,23.799999999999997,25.2,26.599999999999998,28,29.4,30.799999999999997,32.199999999999996,33.599999999999994,35,36.4,37.8,39.199999999999996,40.599999999999994,42,43.4,44.8,46.199999999999996,47.599999999999994,49],"x_error":[0.6903808274769612,0.5541417687189187,0.8550929891397218,0.3800831771757901,0.7051676833588991,0.8208265801161475,1.0105347383246086,1.011733889842246,0.8743331069499802,0.6707585948381626,0.40967984514407574,0.5389667413002324,0.9242498990383949,0.36721309589128037,0.8435484466387612,0.4292483614675975,0.9982690103634984,0.9630689813652474,0.531046238047506,0.4548867459981607,0.8697002239561117,0.952940553308526,0.7576060415509367,0.49904258375549176,0.6888185382130596,0.6271927505287758,0.3569984363715258,0.7773799025253545,0.8498566100201755,0.8039525274375539,0.8175019254599987],"y":[641.2530636250507,825.5703904277651,1024.7174043984369,1200.5553125375495,1448.155378794685,1558.0410283592753,1573.3052958753974,1597.5222079383286,1657.2824266084788,1729.2601104039338,1782.8020420060307,1703.3754354274615,1552.0601383064927,1586.9897927494412,1611.6070332949398,1749.1517806636093,1823.3598283572735,2039.0422002030427,1910.3766181273693,1743.5155677943399,1540.2382985454694,1147.4029533912828,918.7143309880292,682.5597916723427,522.382897300434,416.31722662982037,360.58466873621074,284.0996357350816,253.4570435446226,209.1073988604488,176.21438695564052],"y_error":[290.81173431410036,170.25450172826618,228.70008434126655,408.045765675505,27.86026422161236,239.5259523870218,481.1258620380181,118.45539145308737,438.34907808844025,490.7738062463491,355.5724427900661,364.5862322010147,296.6967586673731,174.87558461557984,419.11796002956703,121.82734742427182,47.36810566676275,86.59279589978142,110.44109161493022,138.92116118131094,391.59183014052013,468.90810115557235,67.0933784422717,0.35374294439893816,21.834740729619885,7.817987122551551,143.53414026856126,451.1596959816565,313.5838543652704,444.924154723868,326.06589181632376]}