{"z":0.1,"x":[5,6,7,8,9,10,11,12,13,14,15,16,17,18,19,20,21,22,23,24,25,26,27,28,29,30,31,32,33,34,35],"x0":[5.5,6.6000000000000005,7.700000000000001,8.8,9.9,11,12.100000000000001,13.200000000000001,14.3,15.400000000000002,16.5,17.6,18.700000000000003,19.8,20.900000000000002,22,23.1,24.200000000000003,25.3,26.400000000000002,27.500000000000004,28.6,29.700000000000003,30.800000000000004,31.900000000000002,33,34.1,35.2,36.300000000000004,37.400000000000006,38.5],"x_error":[0.4795565015860046,0.41191863027711667,0.6821473139718077,0.33415886296400377,0.39179029108146124,0.8178145175483535,0.744363537160088,0.9127812139027638,0.6028751974517516,0.5519104781157527,0.8585243826080768,0.7177781893164248,0.6093729734993292,0.927702528061433,0.7977051745381691,0.6480821418828677,0.32384945305656226,0.4209947678023122,0.6097372844853408,0.8125933566009398,0.5855846427015159,0.3650240170027017,0.32488796660314,0.6403795517048627,0.5911964781604133,0.6886661115775974,0.38899406987019,0.9116888030085639,0.8301750438528614,0.8352426596595577,0.3535697385426677],"y":[669.0674937504391,790.2789700857919,1005.5129081772731,1233.3456199406305,1339.222259819278,1625.5336555858462,1657.6403293674496,1559.2401235677924,1680.9885825355364,1703.838359331312,1723.048074852192,1740.116919357739,1608.3055423227693,1611.2267181736102,1631.9147362905564,1659.0105844382956,1789.3991074594478,1924.6364243445923,1847.7710132472346,1711.000729024673,1686.946788939469,1186.209575459855,866.7117898810948,685.8932043926226,552.2967036653603,407.34473921224406,350.40553741125683,292.39002693965784,238.83903184236675,209.80145202931843,183.57442173207733],"y_error":[419.09104199698356,383.5005098418358,272.02240227754424,102.80939837674075,420.48116975363894,259.4669701525559,124.27648440697381,187.87186483047003,252.01439079841848,362.7016750513192,12.738719169316681,44.39655913552798,462.0882860984096,483.11031178281496,214.44764500569426,230.97657711051934,82.76290861380365,178.11054158304418,449.6437067511034,88.7286999309066,74.94568382870325,451.5999509117161,158.53181860817378,106.22140775553702,158.21589303248328,219.8896463872617,154.225375360043,444.66864266020565,312.26618279126075,137.78926310504735,200.4535644780382]}