{"z":0.7,"x":[5,6,7,8,9,10,11,12,13,14,15,16,17,18,19,20,21,22,23,24,25,26,27,28,29,30,31,32,33,34,35],"x0":[8.5,10.2,11.9,13.6,15.299999999999999,17,18.7,20.4,22.099999999999998,23.8,25.5,27.2,28.9,30.599999999999998,32.3,34,35.699999999999996,37.4,39.1,40.8,42.5,44.199999999999996,45.9,47.6,49.3,51,52.699999999999996,54.4,56.1,57.8,59.5],"x_error":[0.37426235659772233,1.0472704807654645,0.9970253455570569,1.0347326734528253,0.7699159323899207,0.6376954636594935,0.8255553982038887,0.7262405727338148,0.7314091598850477,0.37900471149636605,0.8802627798641353,0.7548067972211964,0.9345077077687219,0.7194571591886283,0.5888559811149429,1.0408322040769504,0.4648619985578635,1.094276951002625,0.4218845306347963,0.561335915254961,0.9536741215732443,1.1018030266529748,0.7235076388152973,1.0873587260207418,1.042279859680619,0.5335129876244996,0.4148107631318774,0.7525556848308479,0.5075846499163172,0.44749673982174315,0.7445138410038163],"y":[661.6306245888736,838.8101337296021,1030.1432521362608,1247.028247978425,1330.7200872471033,1640.7304951374156,1626.9374296570097,1559.3301535876326,1671.0050108513576,1683.8510630273024,1775.4850886982965,1728.874044341712,1593.3487831370574,1612.3734101680432,1549.6864555981404,1771.5550590345542,1877.5594748831902,1989.3875822567804,1917.3195600335382,1721.3976017387736,1559.9421500587137,1173.2005391465343,912.366049372478,696.2848611220413,534.6880634637727,428.1136454216806,338.1049764099098,281.7975429978727,249.5907586761877,205.2401893791965,190.42444218970746],"y_error":[53.82232432013989,126.52115191061175,352.1620591702704,239.0059565290833,472.13621429896216,30.535371107573983,274.4105724618414,287.62752204643505,340.0463874339724,341.67144161525044,9.34314826520255,236.30111358494187,0.9241393543508725,212.39704364611777,478.1148191661359,436.61560303769977,7.81966356546504,188.9912326150678,341.6383141088799,327.16395930963324,382.16309500044434,74.46791278967125,483.92820784583523,61.40701812278571,156.73498635638538,348.7762207785203,340.55634144197245,389.3816982332886,66.70172772181016,402.37976133310036,118.18324416614433]}