{"z":0.7999999999999999,"x":[5,6,7,8,9,10,11,12,13,14,15,16,17,18,19,20,21,22,23,24,25,26,27,28,29,30,31,32,33,34,35],"x0":[9,10.799999999999999,12.599999999999998,14.399999999999999,16.2,18,19.799999999999997,21.599999999999998,23.4,25.199999999999996,26.999999999999996,28.799999999999997,30.599999999999998,32.4,34.199999999999996,36,37.8,39.599999999999994,41.4,43.199999999999996,44.99999999999999,46.8,48.599999999999994,50.39999999999999,52.199999999999996,53.99999999999999,55.8,57.599999999999994,59.39999999999999,61.199999999999996,62.99999999999999],"x_error":[0.8618008470377803,0.940840265910478,0.9732898337376976,0.819282580744759,0.4916491577204314,0.805645638616581,0.5909832795040054,0.8084621932109258,0.7305152271897365,0.8816260044267135,0.5841337797279055,0.45036158403808135,1.0845040660862986,0.4386240163431528,0.8219495004696019,0.4887679441164932,0.5443027116317394,0.4327239425900991,0.6720859580955449,0.6348493712210335,1.0763768883453277,0.8125790905339667,0.7895276785997668,0.57978382471804,0.755921907766961,0.6940171465001685,0.6368095821920444,0.7997621785228964,0.9983133118812213,0.7634020725742241,1.0671346832024424],"y":[651.0378409748939,854.821085341534,1034.9560476480162,1141.2592781214803,1409.0318977451907,1581.4627323955779,1582.8592490142137,1540.1506814201473,1627.9399993299994,1637.3388200056909,1721.9385481489471,1738.4908369437303,1637.2333207301426,1637.7899175456434,1690.3128497209009,1780.8206110476647,2029.1414726862101,2117.819986727908,2039.1481508755205,1654.70855778324,1696.398170150163,1206.0906708962389,866.1617189039165,676.8785245032299,557.1078897824056,442.0484501595881,355.17682955496684,281.7456973601746,246.33080846830842,211.64592992315872,187.04376093279996],"y_error":[439.9686572278395,97.82388552204057,253.28638101269806,386.49657143969785,397.4727130967368,390.48700257128166,329.0974879810866,424.07510958124675,254.9329371772776,184.71408011485636,369.48379157626186,493.046887174355,359.0611197384046,82.53362074129778,337.69733864929043,149.82961352623036,79.77824111741094,199.36150370291094,135.99449661996832,432.7378864949343,186.25311726838677,352.471662368925,297.75455299434384,438.05776822904073,391.8663078446664,25.098511063372577,221.73130600841452,107.67271378453047,350.0652885102455,299.04622515455935,1.4274815588091183]}