{"z":1.3,"x":[5,6,7,8,9,10,11,12,13,14,15,16,17,18,19,20,21,22,23,24,25,26,27,28,29,30,31,32,33,34,35],"x0":[11.5,13.799999999999999,16.099999999999998,18.4,20.7,23,25.299999999999997,27.599999999999998,29.9,32.199999999999996,34.5,36.8,39.099999999999994,41.4,43.699999999999996,46,48.3,50.599999999999994,52.9,55.199999999999996,57.49999999999999,59.8,62.099999999999994,64.39999999999999,66.69999999999999,69,71.3,73.6,75.89999999999999,78.19999999999999,80.5],"x_error":[1.085001471534856,0.9803051355706911,0.814602823828489,1.2045347458783795,0.9807059294170404,0.49706307541119343,1.086794663471305,0.6993084574236539,0.6810819854022783,0.4779553735179888,1.013889773300571,1.097481956485881,0.6889411078757015,0.9046916440969281,0.9148841081798151,0.864135821401537,0.5178083751176225,1.1294169226307342,0.5816550417795014,0.554201926245368,0.5477040367002695,0.5138842253993802,1.1167525949261183,1.214833393700069,1.1353364944205782,0.9338024667607348,0.7179497456026256,1.1145159243097662,0.9816082091064,0.5845351721657518,0.5392262999309476],"y":[670.0952678004777,810.1183499905883,972.1502812721965,1173.3305480946303,1417.309979180977,1641.5069455396183,1592.619804562998,1602.3083537115365,1690.0424893422096,1618.008005679755,1783.1998974270045,1661.6482566566704,1564.4548194019017,1631.7900789379787,1700.9434317604064,1852.0811593435365,2114.931608334498,2268.6071443367655,2134.8591621136256,1827.4655053185302,1671.6253124576895,1253.5800118413786,899.6064988014823,723.4002187183255,556.6714440276936,438.9006352425135,361.53440037356,306.59989074217583,253.54369061121383,209.29823977154885,187.68645031474347],"y_error":[253.27144812887047,438.99364382058195,489.80674791601484,366.5781397613481,349.13140249288335,262.34367842024096,446.64042076206266,164.6182664472262,425.5740290994775,440.09850568209373,116.98350022671488,331.614401999915,331.3418169363632,189.92402435221678,278.67324794918744,281.36894097779697,310.18874059448365,467.65988359358147,28.828292942076004,230.6418175915851,294.9701509954411,15.511149280085457,217.4986600120532,216.7592063358812,204.5095211556852,386.5595915461042,414.97233350792305,346.49769238995555,146.72149298736514,478.5379803412374,240.9898502506883]}