{"z":1.0999999999999999,"x":[5,6,7,8,9,10,11,12,13,14,15,16,17,18,19,20,21,22,23,24,25,26,27,28,29,30,31,32,33,34,35],"x0":[10.499999999999998,12.599999999999998,14.699999999999998,16.799999999999997,18.9,20.999999999999996,23.099999999999994,25.199999999999996,27.299999999999997,29.399999999999995,31.499999999999993,33.599999999999994,35.699999999999996,37.8,39.89999999999999,41.99999999999999,44.099999999999994,46.19999999999999,48.29999999999999,50.39999999999999,52.49999999999999,54.599999999999994,56.69999999999999,58.79999999999999,60.89999999999999,62.999999999999986,65.1,67.19999999999999,69.29999999999998,71.39999999999999,73.49999999999999],"x_error":[0.6458696492227566,0.6689978423555274,0.6191198226593931,0.9941049811155236,1.1061142120551863,0.4786876645448542,1.0583573508449213,0.46978301273170675,1.1371135033833653,0.8301747163319793,0.77005753184834,0.8788218773622413,0.8419338397121193,0.8587628756612848,0.5671649755970185,0.8424417407418281,0.9321957954839859,0.7444137864880556,1.0196516627584535,0.9627679458623175,1.1099015595343118,0.6284433103292049,0.8966081416551788,0.7653032524637283,0.6473834197152009,0.9738400861214918,0.6879824988346609,1.137609279027285,0.4343025865162095,0.9916123795369298,1.1044158008237477],"y":[652.448120962783,822.7671094565895,1040.0323489624973,1249.4171070594966,1426.046543922845,1613.8516656281058,1637.0013776199517,1672.9315135695244,1594.756363964239,1655.2665450615737,1710.6299198618087,1601.6286501498184,1576.8469379740577,1585.7422699427157,1600.8815165947574,1748.6204232721018,2021.27327318167,2237.705823179703,2119.974972113518,1696.2100366353407,1659.5465755970988,1164.4145881057311,890.001656480641,679.0674742101238,551.9837824462495,419.53097473223505,345.1524995514914,294.5022229186611,263.31791175411826,213.63774479307864,184.30276667829474],"y_error":[478.9859010019888,43.38828615585078,109.83394720008954,31.18687111746954,74.71221178069487,67.69264003343045,396.9149477346581,274.70275135903574,372.9668840315742,279.4436060971437,355.0166795340577,416.14091018704937,178.41453746747138,481.91049531119177,248.51005218192023,327.8671014979715,3.7118105723552564,159.39992471635057,344.090692777917,425.03757592798996,432.2228257063692,463.9798946118907,189.85100508753393,308.9281959850718,225.86801944586264,497.8502437965195,92.69139967339468,244.16146720053777,152.76599588192497,68.10975491925852,386.8318001977655]}