{"z":1.2,"x":[5,6,7,8,9,10,11,12,13,14,15,16,17,18,19,20,21,22,23,24,25,26,27,28,29,30,31,32,33,34,35],"x0":[11,13.200000000000001,15.400000000000002,17.6,19.8,22,24.200000000000003,26.400000000000002,28.6,30.800000000000004,33,35.2,37.400000000000006,39.6,41.800000000000004,44,46.2,48.400000000000006,50.6,52.800000000000004,55.00000000000001,57.2,59.400000000000006,61.60000000000001,63.800000000000004,66,68.2,70.4,72.60000000000001,74.80000000000001,77],"x_error":[0.8119362979460233,0.9029869356838582,0.5174467539954537,1.0697351930062773,0.4972921025972904,1.1491127218715145,0.6480162885101775,0.9463270228142384,0.8424355427638599,1.07775553267792,0.4966785280265022,0.530925936266772,0.6302722154728244,0.4287378890891319,0.5930666574506913,0.9044956330853977,0.8607779919226527,0.8868482960374184,1.196227201199436,0.6419061600936555,1.2207905601708222,1.0780765267807781,1.1551557974456845,0.6218089996498992,0.7270997357782588,0.894826449106666,0.5788312043009451,0.6529632324304673,1.034031123524408,0.46374111524345385,0.9525733788425501],"y":[681.0504226233603,827.356296953162,1024.9074673909774,1240.6060219763892,1428.1045570701422,1580.707513393374,1559.2509235995406,1533.498237106688,1668.6562215935871,1747.9583904109738,1730.930757955714,1667.3835728559018,1691.2043757052238,1547.8506522944638,1601.5158781704545,1814.2114488168777,2058.1240701648835,2201.243543298986,2011.464760698627,1737.1666273624483,1583.7578362093195,1251.1755198762214,862.4809503724192,703.4277558073139,539.0428052515114,444.1161096858378,366.7204838620982,301.23170593626844,252.62425761147063,218.6401625296302,186.7251469885845],"y_error":[225.68355110839843,112.442142837885,477.6614155988564,235.63943562459343,327.2034031567737,75.20651669218891,62.64833386144064,207.65837578821035,320.4655010098757,433.81137036600904,91.42400808158291,390.1407846891178,31.76361166383934,144.40790527114933,97.31086541257683,83.79598400835187,192.6281139220658,260.2525235785078,77.86838716296884,434.47717944408595,400.8882765018098,139.16273891180552,105.73510735753422,126.81336364690677,466.1043641192725,286.4806793853425,384.6810294748625,205.5658249652993,346.74502077156353,75.01590225676502,332.1364070119737]}