{"z":1.5000000000000002,"x":[5,6,7,8,9,10,11,12,13,14,15,16,17,18,19,20,21,22,23,24,25,26,27,28,29,30,31,32,33,34,35],"x0":[12.5,15,17.5,20,22.5,25,27.5,30,32.5,35,37.5,40,42.5,45,47.5,50,52.5,55,57.5,60,62.5,65,67.5,70,72.5,75,77.5,80,82.5,85,87.5],"x_error":[0.7627594023562951,1.0930124189346413,1.2203405364192785,0.736201490512074,0.7516549452015884,0.9051614845358178,0.5199700118174897,0.7770203745095022,1.1354969373489578,0.9465204555947015,0.7409052137868135,1.3242399737441328,1.0444257987323673,1.2024758448830593,0.4565938096605352,1.0935944844385215,0.4675751955488443,1.0500769006243198,0.6425169034383377,0.5379079543555008,1.1898502340191364,0.5247261144115901,0.5480231376092543,1.0181484837601091,1.2227199963863389,1.2309126708641882,1.1834323347140978,1.2756721142472713,0.6140960542565251,0.7850610787508414,0.5563030711774645],"y":[680.6173843804233,830.30907552663,995.0280983511676,1148.1120851344604,1346.1062290028653,1641.5687779732102,1573.0775643863617,1533.023118604571,1634.7347915243702,1671.669452870739,1648.96728363018,1626.7119105850202,1677.377476210308,1670.6315503001695,1700.525965825884,1880.5500963049783,2071.355048606267,2387.721285990474,2227.3092496697823,1851.7348732953053,1602.0450095444653,1218.627405947832,934.1203043542332,700.9902591243149,541.3618868783008,445.56271273922016,357.0872054427821,310.33928916148875,264.66832777591395,212.6982404911018,194.25744233511088],"y_error":[487.4137315338566,482.8843807965746,243.17887104110426,236.40465427086298,39.51108867588704,247.65509832319123,490.06799238525736,436.5095112816334,435.98961706269034,288.13025815351676,321.7835967654973,268.643244823231,199.23033083145725,39.242385797463974,100.52408310165684,43.56199099479407,93.31791738128103,69.47959076963373,136.82480397293227,96.25907727592708,429.9682181752216,71.65490318181223,329.30566744609337,5.300316613827127,12.133399979994186,492.81745981939173,343.25244041473377,61.107832158051046,316.4824887634566,490.3300568227448,101.19464499672671]}