{"z":1.6000000000000003,"x":[5,6,7,8,9,10,11,12,13,14,15,16,17,18,19,20,21,22,23,24,25,26,27,28,29,30,31,32,33,34,35],"x0":[13.000000000000004,15.600000000000003,18.200000000000003,20.800000000000004,23.400000000000006,26.000000000000007,28.600000000000005,31.200000000000006,33.800000000000004,36.400000000000006,39.00000000000001,41.60000000000001,44.20000000000001,46.80000000000001,49.40000000000001,52.000000000000014,54.60000000000001,57.20000000000001,59.80000000000001,62.40000000000001,65.00000000000001,67.60000000000001,70.20000000000002,72.80000000000001,75.40000000000002,78.00000000000001,80.60000000000002,83.20000000000002,85.80000000000001,88.40000000000002,91.00000000000001],"x_error":[1.3159643006197812,0.6045401863482152,0.4713347421477882,1.0284415496824562,1.2125319188432528,0.5075704954680209,0.7761903979536993,0.827819263679255,0.9249265666064239,1.2768917960389967,1.031365889185514,0.8672627551901719,1.0776084716342589,0.7371174746442452,0.5917963240974644,0.8810913733030804,1.2591699787451036,0.6634828867021958,0.8746879741738299,1.086701162472959,0.9180584268333837,0.6317625613098992,1.0059341187936706,1.2416335379960088,0.8126892710535826,0.5607032682188068,0.6496750818612079,0.4883442317703168,1.082105632866683,0.5980566293220587,1.001594193815966],"y":[670.9826566855241,827.0353215825396,1010.3878383593759,1200.6489395075969,1395.707618963164,1599.3684893934822,1538.7460824991722,1642.8660390699706,1548.7055922177394,1677.3667923634493,1644.5584331173645,1740.1068813332781,1657.3081746715156,1629.3368844231745,1696.1105489372596,1895.470575683624,2104.3635716916588,2435.853105436312,2198.676814195306,1767.6811129035946,1662.6295312162356,1250.8226806132186,897.1196053286328,722.6333008141723,571.5518076759566,462.4141226502456,362.3897984113839,312.7196528642272,267.71041355389303,232.89473789762195,202.37945425489124],"y_error":[408.98590593271757,454.9093779339298,286.90771279339924,79.91095327302521,80.1737650793507,43.560748842563555,73.55696589393045,109.09915069269938,274.3357787905374,453.22068492777976,282.5274441551444,483.5349058796301,489.4487628914433,459.84005333663913,409.36563919373623,361.8154236680554,202.67665744407591,464.1115188956423,61.6522184478695,358.90014607990696,366.5095614181393,269.52096950142743,3.9907210325802467,71.9926765102975,406.39620804365137,78.79017959227974,429.34668892774476,184.70577455242432,269.4542437595817,88.75632148302203,400.1579527733179]}