{"z":1.4000000000000001,"x":[5,6,7,8,9,10,11,12,13,14,15,16,17,18,19,20,21,22,23,24,25,26,27,28,29,30,31,32,33,34,35],"x0":[12.000000000000002,14.400000000000002,16.800000000000004,19.200000000000003,21.6,24.000000000000004,26.400000000000006,28.800000000000004,31.200000000000003,33.60000000000001,36.00000000000001,38.400000000000006,40.800000000000004,43.2,45.60000000000001,48.00000000000001,50.400000000000006,52.80000000000001,55.20000000000001,57.60000000000001,60.00000000000001,62.400000000000006,64.80000000000001,67.20000000000002,69.60000000000001,72.00000000000001,74.4,76.80000000000001,79.20000000000002,81.60000000000001,84.00000000000001],"x_error":[0.9904582403936442,0.5695537181339,1.142585670253753,0.44990189653493196,0.6372554078191053,0.9364155424782705,0.9002704423013488,0.6252529181725869,0.8683241442852732,1.016446335424526,1.206860429594304,0.6256931150327119,0.8967782089648327,0.6372660636442982,0.5980759640587936,1.170434840090231,0.6126982665464819,1.1842276925701707,0.48273847502018163,0.5783202444414965,0.6228586840337766,0.8555935609741923,0.5736003360687645,0.482827792516597,1.056964803787635,0.654070449401631,1.2097440677514566,0.7812230169779859,0.8653180079886205,0.6179164491384199,0.6265862886835587],"y":[630.4491999916636,853.4573518283778,993.2850692393381,1184.071181623512,1377.7387479750178,1542.3619769949978,1583.7874626218113,1564.3464662983886,1577.1554675612194,1706.6042011870113,1734.7996608165865,1708.4511921608178,1677.4201392519558,1578.8891615023258,1569.4319731259538,1809.110870478948,2141.0399250413875,2277.9038252705695,2087.5301059471108,1742.3804542208602,1624.6850252127756,1207.447747404934,878.2626200669573,697.2588607373182,537.7611164479625,423.2383867731749,358.1711278873659,289.89957214985355,251.46719830680127,227.0627482465358,199.27012305874487],"y_error":[192.73212233355684,255.51362249626476,5.381517750987719,19.607099262666683,130.8341795121142,310.91939466360066,211.21804088105944,392.62480895780936,434.0924311871577,367.2619860867963,442.2255456773231,415.24848597508526,144.23188547588106,464.5120167619855,353.43736805376835,479.6042248342229,409.7330907131637,291.93876340177036,270.43889806976875,408.92528330789713,204.0482282914118,425.7934920373276,351.4329198731249,471.288060916781,193.220384490154,464.74441847004846,293.0945812395692,449.3287573394089,117.0804081337865,247.81093819081013,399.44693669215894]}