{"z":1.8000000000000005,"x":[5,6,7,8,9,10,11,12,13,14,15,16,17,18,19,20,21,22,23,24,25,26,27,28,29,30,31,32,33,34,35],"x0":[14.000000000000004,16.800000000000004,19.600000000000005,22.400000000000006,25.200000000000006,28.000000000000007,30.800000000000008,33.60000000000001,36.400000000000006,39.20000000000001,42.000000000000014,44.80000000000001,47.60000000000001,50.40000000000001,53.20000000000002,56.000000000000014,58.80000000000001,61.600000000000016,64.40000000000002,67.20000000000002,70.00000000000001,72.80000000000001,75.60000000000002,78.40000000000002,81.20000000000002,84.00000000000003,86.80000000000003,89.60000000000002,92.40000000000002,95.20000000000002,98.00000000000003],"x_error":[1.3953148425882511,1.4344503321262998,0.6181614510474395,1.006600265912093,1.008685242647494,0.8128190626230404,0.9634429929321482,1.2009942736074213,1.1944004050620856,0.7676727901935934,0.6231260866433778,0.9532040497700196,0.6440076200595748,1.3541618427175637,1.3731466111006965,1.071641304623379,0.7994126302450668,0.4965858992267374,0.769079144749298,0.8034525057215332,0.9785858486471477,1.3085340563665957,0.7429883328725406,1.316776459493552,1.2568514255455692,0.8909600247189399,1.0725450024321486,0.7224934044099202,0.7418231514710447,1.420217056167055,1.3331957660270288],"y":[675.7784830317368,822.2347275583919,960.8435856404918,1220.9244227891706,1411.4061313532445,1613.194720377177,1567.1354889784475,1624.5991861660673,1594.157520060682,1605.7767578730438,1683.7937065842925,1659.190426710258,1607.6918211109046,1614.1102327265014,1566.589826915744,1862.162370383152,2287.326980315037,2478.0943411705475,2297.265143290514,1907.1274120763105,1556.9316479242975,1160.1654447279425,911.9233390654234,716.1076742693001,547.3242348438887,467.3359887268335,383.15142201042096,301.3780309278059,253.02707277578497,217.2847247236015,204.25494569243398],"y_error":[6.686918312555412,363.8779795087684,360.0178364343943,472.05614756524795,80.9701905981154,265.86838458951655,167.54698488869158,380.8848929660639,63.916368048019145,126.32749301651725,251.99448342119246,177.97634627573888,309.583620309295,28.551268158646614,488.804782358037,119.68009397613066,201.93163314421813,225.48867234427493,141.13541606841451,442.1199470345443,45.57846423378198,438.44539426216176,211.12821139593686,479.69403722632273,248.63820681573733,201.472874251307,412.68812379089206,416.0899150641005,198.52569045115052,183.12626644770646,262.45634211875404]}