{"z":1.9000000000000006,"x":[5,6,7,8,9,10,11,12,13,14,15,16,17,18,19,20,21,22,23,24,25,26,27,28,29,30,31,32,33,34,35],"x0":[14.500000000000002,17.400000000000002,20.300000000000004,23.200000000000003,26.1,29.000000000000004,31.900000000000006,34.800000000000004,37.7,40.60000000000001,43.50000000000001,46.400000000000006,49.300000000000004,52.2,55.10000000000001,58.00000000000001,60.900000000000006,63.80000000000001,66.7,69.60000000000001,72.50000000000001,75.4,78.30000000000001,81.20000000000002,84.10000000000001,87.00000000000001,89.9,92.80000000000001,95.70000000000002,98.60000000000001,101.50000000000001],"x_error":[0.9919954083912468,0.6489849676357685,0.5320345632942446,1.3112336279933996,1.049972081122663,0.927821494234049,0.7569318859674393,0.5828201369284078,0.9065922676185979,0.8128459555212801,0.7268314743631807,1.4006697353037871,0.658541939918148,1.4354506362647728,0.873405474493882,1.0082340673491421,0.635801441117072,0.6900255574225547,1.2815563016349403,1.1498714509578898,1.244799010993908,1.3418719177487433,0.6662782413247461,1.1988926603709589,0.6594915816023339,1.4010689486239207,0.5987282452466594,0.6353745690592228,1.3100916597114527,1.4535749783981375,0.7064550805642827],"y":[660.5630647432392,829.8552398205459,990.3525615803024,1180.5161232029643,1348.476318922376,1615.2770668629958,1577.390342560605,1620.2381943180674,1581.839086818183,1619.756159758209,1635.110104797329,1690.7220887078963,1619.9069141966788,1643.6922538308913,1616.7271386408177,1799.7934432118038,2194.139508586711,2435.881724494866,2177.711279783479,1844.017589210506,1632.3339327831754,1195.7265361223574,905.5339906986901,712.084996089296,581.1699816069639,432.25393004032077,376.349450647391,315.95241432140665,257.7132606161962,218.33730807810002,191.53582239778063],"y_error":[315.2676612187609,400.3139364072219,256.1942894725556,412.44599897089495,55.90178365762555,194.6315570002608,364.59337304616133,152.66195478453892,217.93321405745925,350.3600700925701,107.16688124413155,433.3588686690837,453.3190138524744,428.83348055357,221.70259105993983,323.35746651758626,371.4105734015347,4.750138563434092,100.15765181797265,454.8234254978212,83.05710207727913,310.27050980202296,254.1471250028565,462.69780028059216,436.1620362994844,10.757935746429581,181.55416989472218,420.9300640043172,401.6441341549044,464.83576108456924,346.23900454295887]}