{"z":1.7000000000000004,"x":[5,6,7,8,9,10,11,12,13,14,15,16,17,18,19,20,21,22,23,24,25,26,27,28,29,30,31,32,33,34,35],"x0":[13.5,16.200000000000003,18.900000000000002,21.6,24.3,27,29.700000000000003,32.400000000000006,35.1,37.800000000000004,40.5,43.2,45.900000000000006,48.6,51.300000000000004,54,56.7,59.400000000000006,62.1,64.80000000000001,67.5,70.2,72.9,75.60000000000001,78.30000000000001,81,83.7,86.4,89.10000000000001,91.80000000000001,94.5],"x_error":[1.2704360541334132,1.3989943375926013,1.2896605926151212,0.8850327355434496,1.0427375575859072,0.6997004819029369,1.050212864680313,0.6084389792994174,0.5870981244308877,0.6754407847015429,0.9578670733581555,0.6481922249138152,0.532629140267074,1.025787016314285,1.3872625122745572,1.0179675035568236,0.8724663216185724,0.5659858789134694,1.3026322351590656,1.0654824981420856,0.7552197270841406,0.6820835956043891,0.6881900680213046,1.1309172953464384,0.9308711814711692,0.6565973171926889,0.644314149991001,0.6370868059208489,0.5625818445806187,1.328774205771148,1.1459875353976703],"y":[661.8485385377604,791.6818026503852,1036.330724624604,1207.5460735759207,1374.7030906305533,1634.9353866157394,1612.918959059279,1635.2565090753212,1559.1283577667693,1619.876821100835,1647.6799857033452,1626.3260667822947,1563.0320333828422,1629.0437194247968,1688.652596391228,1833.2389182842383,2162.5262598943987,2449.838789485838,2275.099203377701,1871.1106229639022,1677.9408113943582,1182.759282791733,927.5829089678202,705.0804089836017,580.3759758852152,446.11906218191996,353.78362048970575,299.7445495195938,249.4198190575027,220.0720442592625,197.60921374317584],"y_error":[458.9228142977074,420.4370813922309,261.0627245434951,347.82015555250666,203.03531370461013,130.4073685659497,417.16789842022763,40.93542780077652,77.33523263084973,208.7162941914036,261.5511884637567,469.2806674749357,379.0128658604465,191.46277390157306,443.75880138123347,126.14266612828473,30.114512143788353,456.708648747275,392.67630495505,235.61664495699108,477.22865780216017,147.8051465867014,377.91589800816314,64.03783944094587,263.8762832330954,240.80967078810966,302.92590877141924,403.9599407713976,462.64169949219956,311.3600456618336,143.65507527769063]}