{"z":2.400000000000001,"x":[5,6,7,8,9,10,11,12,13,14,15,16,17,18,19,20,21,22,23,24,25,26,27,28,29,30,31,32,33,34,35],"x0":[17.000000000000004,20.400000000000006,23.800000000000004,27.200000000000006,30.60000000000001,34.00000000000001,37.400000000000006,40.80000000000001,44.20000000000001,47.60000000000001,51.000000000000014,54.40000000000001,57.80000000000001,61.20000000000002,64.60000000000001,68.00000000000001,71.40000000000002,74.80000000000001,78.20000000000002,81.60000000000002,85.00000000000001,88.40000000000002,91.80000000000003,95.20000000000002,98.60000000000002,102.00000000000003,105.40000000000002,108.80000000000003,112.20000000000003,115.60000000000002,119.00000000000003],"x_error":[0.9223039688799713,1.053728859362543,0.7629079317285097,1.473775220947513,1.0079064096534898,1.2673110740622215,1.3764445662776048,1.4635037500561316,0.7965145388982654,1.4045110309463458,1.118413757261707,0.6327405712230705,0.773654952473104,1.126689319039777,1.3882924765564195,1.1880431373739553,1.4563584543512407,1.2390763958183693,1.0719639314371605,0.6463701988439023,1.5206875711424317,1.0840639257090192,1.0172628436258007,1.5759042284951403,0.7129694810751073,1.0985968941462354,1.046891005026319,1.416109182708039,1.3516995079383567,1.2661682619512296,1.2907249230535065],"y":[670.0253742310622,842.4488845696973,982.110910287245,1231.8569788433354,1400.2806773450582,1625.9711674788705,1570.8611996473933,1581.8997385833154,1608.537027510423,1622.671932386516,1764.8541358794394,1619.7164635739418,1684.9246765633143,1676.5264472839444,1575.6212950924323,1903.928432353806,2485.9797680467254,2707.5828951919516,2373.022800595675,1890.2676815593154,1616.4769813769105,1196.2771249191594,907.9938749554781,741.7993829955129,589.6482504806504,464.43421608703557,363.98729742791676,315.43432686300514,265.2744760359806,228.12624070992777,210.83830616962564],"y_error":[440.4949176482201,317.0685712057539,137.36885915143927,418.445598855256,489.70159395124114,389.240915841729,68.15899142122083,60.29003752433493,125.90870175056479,241.46992830407754,93.24344493326164,193.47028902420027,9.93259475839514,72.72876872586909,497.07537113312014,499.17078860664986,166.15523863739378,346.8473020663563,60.453473230179355,2.3307014117334157,162.19790577557737,226.09866456512339,381.8522624884415,45.05757412746492,241.2763645653072,251.44373908218964,155.77105920685707,367.7482277172287,206.69744032421033,106.50228781229299,288.5628223720246]}