{"z":2.1000000000000005,"x":[5,6,7,8,9,10,11,12,13,14,15,16,17,18,19,20,21,22,23,24,25,26,27,28,29,30,31,32,33,34,35],"x0":[15.500000000000004,18.6,21.700000000000003,24.800000000000004,27.900000000000006,31.000000000000007,34.10000000000001,37.2,40.300000000000004,43.400000000000006,46.50000000000001,49.60000000000001,52.70000000000001,55.80000000000001,58.90000000000001,62.000000000000014,65.10000000000001,68.20000000000002,71.30000000000001,74.4,77.50000000000001,80.60000000000001,83.70000000000002,86.80000000000001,89.90000000000002,93.00000000000001,96.10000000000002,99.20000000000002,102.30000000000001,105.40000000000002,108.50000000000001],"x_error":[0.5877336228071539,1.1291792578480098,1.0286971000420713,1.1451226681045876,0.91280628912314,0.9192778759790294,0.7963670149947218,1.2496036945260607,1.3757048292491372,1.4654114378036618,0.5657638903689937,1.4780050571989451,1.3128091522346723,0.9495738294258772,1.502921056144214,0.565157548945136,0.5467194046212467,1.055304245801167,1.0900431997451014,1.0339153521579898,0.8948549552160517,1.0340399580277282,1.336870550828984,0.7436295166858209,1.419523702768621,0.7591219131960035,0.5591299456371476,1.1804207773046533,0.8826364558189361,0.7161033452616419,1.0158197458954237],"y":[673.5433887349063,860.2313201963891,1025.040927207659,1213.824195297234,1449.529372347925,1593.4581104760516,1566.1499516772362,1589.4145434883324,1619.2791796119639,1700.094993040498,1736.826599372974,1611.6063515281853,1632.9684449977724,1638.8366617358106,1586.611660297096,1794.4043676331758,2451.5424545810542,2763.6429389815985,2331.1100379997306,1784.1993755549604,1577.747080182942,1160.5831463915204,880.5410209845683,729.3684159072544,561.6235583410061,458.01738797624915,386.5568317295948,312.91414471461627,277.4790472013226,236.5048426901352,199.58283236053921],"y_error":[367.92101335207116,74.6337673552474,466.95080149413917,304.7609527525781,223.8299254135111,301.7648132671804,242.74769898342862,240.1025658830829,362.2093051277777,426.4203370097575,411.3217409979254,269.20464660924637,387.67800414679544,402.84141942683095,123.02459561175449,255.48353475726003,497.6460493567181,137.81280688505916,431.37558656695074,99.19325462680084,176.10440874533117,363.34614896223616,395.4050043395676,301.6312071316355,315.6164850858626,437.1575648293492,91.02137778337604,359.9308303108917,237.10000135895604,433.87795217206093,458.24803734946653]}