{"z":2.800000000000001,"x":[5,6,7,8,9,10,11,12,13,14,15,16,17,18,19,20,21,22,23,24,25,26,27,28,29,30,31,32,33,34,35],"x0":[19.000000000000007,22.800000000000008,26.60000000000001,30.40000000000001,34.20000000000001,38.000000000000014,41.80000000000001,45.600000000000016,49.40000000000001,53.20000000000002,57.000000000000014,60.80000000000002,64.60000000000002,68.40000000000002,72.20000000000002,76.00000000000003,79.80000000000003,83.60000000000002,87.40000000000002,91.20000000000003,95.00000000000003,98.80000000000003,102.60000000000004,106.40000000000003,110.20000000000003,114.00000000000003,117.80000000000004,121.60000000000004,125.40000000000003,129.20000000000005,133.00000000000003],"x_error":[0.750900189124747,1.2791127564747202,1.2596966493479447,0.8545796991829094,1.42345469425126,1.497855699692387,0.8721218373058295,1.1103913306964137,1.1176196846416468,0.6328338427841715,1.0366597982491021,0.6182803234156462,1.043649707962638,1.6781518684663113,0.598901535639743,1.643220464070488,1.1569083524910646,1.7155971604359228,1.3983568028872966,1.2114606588236225,1.467318259190883,0.8433247060673643,1.4026192457211057,1.0441410088780823,0.8532818801385256,1.655313791176751,0.9511644535214425,0.7653603973403362,1.4925887011687626,1.362941769382688,1.6389286416667208],"y":[645.3152756640612,812.6466166846399,970.5570474547632,1231.1490412337246,1331.346584437495,1642.5530650269377,1590.223210005265,1582.9351662577951,1657.0099766607455,1681.2199342232127,1705.0598644562822,1593.2592483698734,1552.1807918077504,1538.8793701132854,1611.1185622165235,1907.40733421114,2459.7632046027825,3075.804902674247,2621.9936856223676,1893.7878035401618,1597.1267799634518,1179.2614200702074,944.8181716630545,712.4801370933151,598.2276246088915,479.463243211924,369.82629175760843,333.4961316649932,283.50393629969733,243.4276344699382,209.46448952453733],"y_error":[68.28776614368526,244.58589424431344,435.8648957907044,456.61320068264786,82.11154418861666,448.65996540926653,304.97386017820526,129.882707242851,444.240524704034,269.9107628408686,299.25638075913696,163.0434543949113,184.5617043408846,122.67060293570376,44.179884293953144,29.932865643192862,311.78626567963363,154.849402541958,183.58686870980202,473.2134270002325,97.67685032145579,473.2375261445607,52.36060721243297,89.59067219605565,19.678249258992974,28.691003445678874,75.57297546219466,85.56509106546916,327.09548855903006,51.380967482039466,117.05956022428377]}