{"z":2.600000000000001,"x":[5,6,7,8,9,10,11,12,13,14,15,16,17,18,19,20,21,22,23,24,25,26,27,28,29,30,31,32,33,34,35],"x0":[18.000000000000004,21.600000000000005,25.200000000000006,28.800000000000008,32.400000000000006,36.00000000000001,39.60000000000001,43.20000000000001,46.80000000000001,50.40000000000001,54.000000000000014,57.600000000000016,61.20000000000002,64.80000000000001,68.40000000000002,72.00000000000001,75.60000000000002,79.20000000000002,82.80000000000003,86.40000000000002,90.00000000000003,93.60000000000002,97.20000000000003,100.80000000000003,104.40000000000003,108.00000000000003,111.60000000000004,115.20000000000003,118.80000000000003,122.40000000000003,126.00000000000003],"x_error":[1.1884178635595912,1.4395679195871536,0.8778608204737653,0.7842343309869976,0.5838601581779147,1.1793981195672925,1.4351825480528826,1.1134311225492053,0.7644882045294166,0.7451208563158902,0.816801370726419,1.0464427088660597,1.5295362800497823,1.2278712492266233,0.9047059292192376,1.3098230370979214,0.9101320069861806,0.9957776104652476,0.9923828358180302,0.9318337887430707,1.1411461047007254,0.7772850640549243,0.9091615267737363,0.6884732191682392,1.138031232195907,0.9397364363749594,1.116721243785988,1.663563286652268,1.2456374715653933,1.0067047534898688,1.0469186992429222],"y":[659.8654825261297,786.1273625087589,965.8330904331649,1150.182966306817,1457.1528822417874,1612.398847804089,1660.9979698793918,1583.3397031048928,1633.6698688514464,1617.276897195506,1694.817584425536,1644.547702331899,1652.4582785873447,1524.8794479196438,1593.7051714611428,1931.7927954732256,2514.935122863596,2859.7557789823672,2577.8845685741776,1855.5051591244091,1716.6554715863165,1193.8690217203077,914.5783086419758,695.3920604453868,590.4620947772099,476.67806526142203,388.9908820529419,310.89283302278886,273.43685682157155,240.01550385384866,214.16151544978968],"y_error":[432.22045894627394,242.03854866852416,297.4814919076919,362.236044097206,338.6024563561825,129.95042433850023,420.7121861858817,349.045703035807,373.2083353139163,109.13158819599799,5.440744160596811,336.4546060137341,170.75478888691975,332.8045199848897,494.3335652508479,39.425507962447256,165.20764942746158,257.2685695391572,118.26484921397918,436.62973510089466,228.86267820817184,475.53940719183197,151.47166230000087,334.8056128303809,387.1874289716595,310.9858600505115,264.539949236723,62.62458682621086,10.48890553561388,463.2734527082434,478.3271617596685]}