{"z":2.2000000000000006,"x":[5,6,7,8,9,10,11,12,13,14,15,16,17,18,19,20,21,22,23,24,25,26,27,28,29,30,31,32,33,34,35],"x0":[16.000000000000004,19.200000000000003,22.400000000000006,25.600000000000005,28.800000000000004,32.00000000000001,35.20000000000001,38.400000000000006,41.60000000000001,44.80000000000001,48.00000000000001,51.20000000000001,54.40000000000001,57.60000000000001,60.80000000000001,64.00000000000001,67.20000000000002,70.40000000000002,73.60000000000001,76.80000000000001,80.00000000000001,83.20000000000002,86.40000000000002,89.60000000000002,92.80000000000001,96.00000000000001,99.20000000000002,102.40000000000002,105.60000000000002,108.80000000000003,112.00000000000003],"x_error":[0.8617962923546668,1.2070747871314769,0.7383814997105894,1.2548384582783483,0.701895893389,1.5495065798234102,0.6962027525300964,0.976928801010456,0.788701508236257,1.0242547509578361,0.9319881023156588,1.4279548364308443,1.1005833214884064,0.6786020757988662,0.667500507302808,0.6195780030292948,1.1846455582755118,0.5775153083891205,0.9129014245128495,0.9685553936869629,1.156508325928265,1.457260589963529,1.5089124677672174,0.7018931093290273,0.5780825200946311,1.2874527935326383,0.6371391378236941,0.6855419820047828,1.2253594475713205,1.4549583629523075,0.6685634769530012],"y":[677.565431574032,850.6078501413418,1039.0106103449646,1171.2544064015478,1443.1746735630236,1560.7438735342903,1584.0453152062496,1596.3909166615313,1595.3052494768658,1621.316184863258,1616.804034101942,1641.8331420732939,1592.7476511331242,1586.5451382000333,1595.3402522034594,1815.8997085335,2312.9991640884245,2704.5368930400064,2434.338110824965,1917.9606683840361,1601.2236703693275,1241.6414402355565,879.5160569828942,678.4556665181748,554.7856604987883,448.83492935450283,374.1495212276505,307.6672548890459,275.83006997383154,240.3543100516311,197.1424230142158],"y_error":[312.374908712625,346.13372149919473,407.36252029289386,154.76716649228152,177.35745162437235,464.7183673867914,280.90436592527203,94.95623843671264,82.53679169747952,286.91372466897735,199.64718041263984,312.4168168679874,50.43768140576932,346.5716967679825,332.08048405236855,88.17799163993656,291.95833633280375,478.4355938135322,40.95014684688414,353.23538371618514,449.49807367164476,134.19545215829942,462.41595184279083,127.86846817755793,141.08925441791442,261.1049145677373,422.72645746987104,173.20788033116196,443.783068089852,120.45249487216192,321.4930580058154]}