{"z":2.3000000000000007,"x":[5,6,7,8,9,10,11,12,13,14,15,16,17,18,19,20,21,22,23,24,25,26,27,28,29,30,31,32,33,34,35],"x0":[16.500000000000004,19.800000000000004,23.100000000000005,26.400000000000006,29.700000000000006,33.00000000000001,36.30000000000001,39.60000000000001,42.900000000000006,46.20000000000001,49.500000000000014,52.80000000000001,56.10000000000001,59.40000000000001,62.70000000000002,66.00000000000001,69.30000000000001,72.60000000000002,75.90000000000002,79.20000000000002,82.50000000000001,85.80000000000001,89.10000000000002,92.40000000000002,95.70000000000002,99.00000000000003,102.30000000000003,105.60000000000002,108.90000000000002,112.20000000000002,115.50000000000003],"x_error":[1.5180483598180738,1.2973918256140988,1.0966327886176663,1.3382070809714608,1.4481878378086006,1.44670803663919,1.2373491890100912,1.3995864255551138,0.7126993073284866,1.0101725611262322,0.7443446216481922,0.8089736001704844,1.509365297128077,1.1482476046529775,1.3682258229102977,1.3944666118428757,0.7697980316240758,1.3418057688300031,1.091397693994765,0.7785836372659802,0.8154969021869513,0.85053441546418,1.2073937230048282,1.082971120486616,1.1286863464954,0.9541993043251971,0.6614931375238956,0.8451161458728829,1.4482918296394802,1.5843162991558595,0.8730612243332647],"y":[635.6879929568432,840.0241227573399,984.8448809384499,1210.312482422274,1412.633856108326,1660.6036795316452,1644.603619294331,1578.07792121424,1651.1225909004131,1730.8466234818934,1704.802853593117,1631.0586619338571,1570.5724090155663,1572.764996521664,1656.3859371202216,1858.6666332906143,2401.2803712983514,2783.541232601994,2393.541833627239,1876.0833023245784,1679.9519588859994,1244.1009994295157,877.9466483456962,713.8288960543366,583.9202519206889,465.1980257850912,389.1783502295855,313.9190114567394,260.71176624136757,233.893745431171,214.804048587124],"y_error":[469.75853417251676,204.63219038423696,159.92962048379243,332.99574706478853,190.05820779700278,413.0434450445919,400.407880362063,186.09090178454312,113.02117528309485,422.39420089627055,340.38795900301113,277.30095292736655,176.31003120223588,165.56325635970305,377.51083443517507,361.72128765468227,87.92217576279693,26.977455701959528,330.02940011131057,477.54796261787715,24.761993631738697,112.92557464701348,463.0052951287316,336.3074941866648,370.21827620846904,219.4425095581679,160.1971759980676,288.97569739919373,388.71592445174673,397.79046907848004,77.67594871605255]}