{"z":2.500000000000001,"x":[5,6,7,8,9,10,11,12,13,14,15,16,17,18,19,20,21,22,23,24,25,26,27,28,29,30,31,32,33,34,35],"x0":[17.500000000000004,21.000000000000007,24.500000000000007,28.000000000000007,31.500000000000007,35.00000000000001,38.50000000000001,42.000000000000014,45.500000000000014,49.000000000000014,52.500000000000014,56.000000000000014,59.500000000000014,63.000000000000014,66.50000000000001,70.00000000000001,73.50000000000001,77.00000000000001,80.50000000000001,84.00000000000003,87.50000000000003,91.00000000000003,94.50000000000003,98.00000000000003,101.50000000000003,105.00000000000003,108.50000000000003,112.00000000000003,115.50000000000003,119.00000000000003,122.50000000000003],"x_error":[0.7679357470277592,1.0140810943834182,1.0747381755717265,0.6581688005108386,0.8131995088853046,1.5568500502347613,1.0415582312283096,1.410286527131877,1.5280148489300225,1.1399845719247153,1.3475723872158798,1.3173713516899794,1.38597360443267,1.0428117527336649,1.285801698688553,1.0343519719928431,0.8135506143314131,0.6856598919013026,1.3519371574930912,1.6024701894917703,1.299345584320197,0.716072813709008,1.575463538168948,1.1325573136706724,1.5124033195382969,1.436434190888539,1.590188083424513,1.5066549867766992,1.4852142874026857,0.7183967874521744,1.5122664741863314],"y":[659.058258681205,832.6880909168218,981.8856944941743,1152.3893031215268,1369.1640472748015,1592.1751987926682,1554.4391313871035,1643.9089352519566,1560.5409998069263,1697.565892859218,1636.0178795029567,1614.7564655788449,1628.016214449403,1676.8485418945372,1676.862291494538,1899.6459224703162,2400.2515184557074,2693.038757948663,2496.8052962752117,1943.2306843487274,1581.9299547994876,1201.5486513298754,913.8212639504942,687.3864435628084,591.7109083473639,466.7098723514933,394.743323501772,331.8576614566424,271.07162669463287,242.55071129903754,200.35805842120135],"y_error":[113.75388613128312,17.139746416331867,406.26429835788167,78.11284047181066,98.49827121217291,251.0058630904538,87.29115835444212,150.93117241141042,328.621434446708,329.80175639066675,431.33633496726566,375.8893433181941,380.52772694938506,275.05585887778017,377.7718877935804,270.2779639209587,7.183211076322582,181.42729000109026,198.2915538390947,315.36445582343566,272.7949208007755,282.6295333001723,51.84596813758535,214.18445734030777,106.76647758393455,18.881936245877196,243.09475800513215,125.17596543615895,63.324696397092374,109.28328883233995,331.88240194029163]}