{"z":2.9000000000000012,"x":[5,6,7,8,9,10,11,12,13,14,15,16,17,18,19,20,21,22,23,24,25,26,27,28,29,30,31,32,33,34,35],"x0":[19.500000000000007,23.400000000000006,27.300000000000008,31.20000000000001,35.10000000000001,39.000000000000014,42.90000000000001,46.80000000000001,50.70000000000002,54.600000000000016,58.50000000000002,62.40000000000002,66.30000000000003,70.20000000000002,74.10000000000002,78.00000000000003,81.90000000000002,85.80000000000003,89.70000000000003,93.60000000000002,97.50000000000003,101.40000000000003,105.30000000000004,109.20000000000003,113.10000000000004,117.00000000000004,120.90000000000003,124.80000000000004,128.70000000000005,132.60000000000005,136.50000000000006],"x_error":[1.5528819432375465,0.9021089932632631,1.4432436126496335,0.8669245452975151,1.3258943012941395,0.8531311408051088,1.578437402214051,1.2347843507905105,1.6792205333506005,0.6698920069220418,1.6386415506691225,1.0926592679957743,1.1475766821033764,1.0089477520713936,1.4094646098085455,1.3999339576088725,1.0862121967336786,1.0875672734671937,1.68809622991302,1.544642143832494,1.0910383173921936,0.7797167633056022,1.573514779483506,1.094188169091816,1.017186698143797,0.6963346790263111,1.5051260174369703,1.1695340506350105,1.343787981748332,1.2362597963919526,1.5984061350214378],"y":[680.7064440864777,805.4195520185642,989.1443633702071,1184.2317429466211,1382.0422096658838,1611.9245471943686,1635.938565254677,1675.6334777502527,1668.3128093000491,1663.04151703393,1611.4575028729778,1682.8818976915832,1564.3158382162835,1608.451531211105,1601.512378599622,2011.1869958534523,2500.89751494142,2942.0665636928406,2625.078140191705,1945.8895777638631,1705.4352032923534,1230.431847801936,902.3626562668779,752.3840462423201,546.0921068947135,483.228132473622,384.32859246535116,332.29037960859256,275.9210398640525,243.00967715305296,206.78382027519353],"y_error":[299.1008088196955,113.70954902077845,303.7298453507069,486.59726059969233,7.587097879399374,132.66335268893803,384.3156408503413,289.005165178686,110.02781600905908,61.48372330739793,195.04095729201032,85.13571861881886,41.379413892211005,3.29591311433286,489.773448174849,116.78682284453012,259.0271992591807,135.03837456635438,214.6732612357557,370.11859316602613,335.37921213355514,210.5848486309585,184.03074852376412,385.2193916280937,469.70435499624483,118.69985086406032,396.6904300325801,317.2918757566926,320.7870007764329,425.6719275686489,68.26361251008805]}