{"z":2.700000000000001,"x":[5,6,7,8,9,10,11,12,13,14,15,16,17,18,19,20,21,22,23,24,25,26,27,28,29,30,31,32,33,34,35],"x0":[18.500000000000007,22.200000000000006,25.900000000000006,29.60000000000001,33.30000000000001,37.000000000000014,40.70000000000001,44.40000000000001,48.100000000000016,51.80000000000001,55.500000000000014,59.20000000000002,62.90000000000002,66.60000000000002,70.30000000000003,74.00000000000003,77.70000000000002,81.40000000000002,85.10000000000002,88.80000000000003,92.50000000000003,96.20000000000003,99.90000000000003,103.60000000000002,107.30000000000003,111.00000000000003,114.70000000000003,118.40000000000003,122.10000000000004,125.80000000000004,129.50000000000003],"x_error":[1.5324211434087194,1.217051203822316,0.6117657477725924,1.6452790318927382,1.6417554019542062,1.1815135583888943,1.5499900983482409,0.7514101435038394,0.9991470340844089,1.1152914887895227,0.7639019013788333,1.09945929696105,0.8052428258480473,1.4098195831661744,1.2709150641104687,0.7421465531254906,0.654502920335658,0.8587514065377329,1.204706735925638,1.3189208765516094,1.3631792667144584,1.3090605299446283,1.2806939801677961,0.7944635696154729,1.4063348840269752,1.3801882873079911,0.7777814870953618,1.205225898917231,0.8000470373028524,1.536357396308446,1.5774835226790798],"y":[655.0731457428545,812.4227440436837,1042.745286127998,1138.9836713299183,1456.6332474935268,1593.5670922709855,1660.7329313232133,1610.0131096468176,1624.6313526677736,1618.5001116424,1679.814878578973,1701.5701378751523,1537.232781661664,1636.4182537108304,1715.7915826384074,1997.6772008548496,2650.9989949332744,3014.4685703557393,2576.5458861890784,1965.1651080682932,1725.3513102293211,1248.935283671689,913.1840921833101,709.5445859124698,592.6540058466052,484.2231972486446,377.85770584951905,312.7046722164547,271.95616458743626,236.79243122421843,206.24526306440873],"y_error":[247.80100714285302,296.7873071770168,401.2447083994226,149.1391711757849,12.76901544578335,25.658326210201032,21.355033217070883,0.15229170088337796,69.19301524042653,410.16310115653465,414.4588795881442,62.787243651388216,491.0451209838559,217.91593471165038,266.4507694031469,47.61302462279615,86.05717029729732,30.732526403094983,15.473374252631068,476.53275627460044,233.4766694348308,300.5901643927548,20.767086372166954,476.5871407621368,347.8166639613141,339.0304994568134,370.54763040943993,2.6997964131202368,78.12157905427675,389.9868058962055,184.55444233978668]}