{"z":2.0000000000000004,"x":[5,6,7,8,9,10,11,12,13,14,15,16,17,18,19,20,21,22,23,24,25,26,27,28,29,30,31,32,33,34,35],"x0":[15.000000000000002,18.000000000000004,21.000000000000004,24.000000000000004,27.000000000000004,30.000000000000004,33.00000000000001,36.00000000000001,39.00000000000001,42.00000000000001,45.00000000000001,48.00000000000001,51.00000000000001,54.00000000000001,57.00000000000001,60.00000000000001,63.00000000000001,66.00000000000001,69.00000000000001,72.00000000000001,75.00000000000001,78.00000000000001,81.00000000000001,84.00000000000001,87.00000000000001,90.00000000000001,93.00000000000001,96.00000000000001,99.00000000000001,102.00000000000001,105.00000000000001],"x_error":[1.4593933416220888,0.5661619101650682,1.1596516732455333,1.3090601522414924,1.4977381940325971,1.487977361585481,0.5505727601512781,1.1859825102196113,0.8787139372978938,1.3872050253854753,0.9698979834352166,1.2516684956971225,0.8773191984251045,1.2355747356565798,1.0570832874003702,0.6017614793357887,0.9148682349560835,0.7890922102234148,1.1802703803752808,1.3626890447894993,0.5905310389683857,1.0848329506184484,1.1622095308780964,0.5295859852992683,1.2462543328851088,1.2801575060590182,0.6981087075648429,1.3199213915086339,1.2561174792963716,1.050703479232391,1.0031444791897604],"y":[678.0164534408044,818.6349997783923,1003.1707562818781,1233.8818448605437,1412.0394817274193,1530.8691066610245,1567.97587315881,1662.499046311025,1669.8839645042403,1735.3416956967737,1624.4195862063966,1591.968320719095,1555.410066489174,1654.7904329362673,1572.7333788332799,1776.132891854698,2286.059736701408,2542.3769458812035,2381.444828779838,1792.6855217818718,1625.0755076459661,1251.524266712647,895.9442748724243,698.6711608970742,563.2233900863217,447.5886658134468,359.57680168319325,321.0798323676352,266.63065260354415,228.24253277734954,206.0454076226254],"y_error":[390.9433549855733,153.07630506457926,324.0296923747976,221.6521266338236,475.8156032814164,116.10196381257953,272.00920965243733,115.60830730391147,227.29484833909964,473.84743344716287,336.50125063512337,40.53540762551566,303.4660899642132,391.64473281838383,109.7492826915234,284.77152471286894,256.2685708484572,278.63768402460545,238.6123220706843,344.9053922867869,414.9319005205326,102.16351241291588,373.1025679081135,115.52612121154104,405.83779195075675,34.19750310232838,364.6676179473214,95.50628713761533,121.88724899511416,187.76669694921745,191.8613455359155]}