{"z":3.5000000000000018,"x":[5,6,7,8,9,10,11,12,13,14,15,16,17,18,19,20,21,22,23,24,25,26,27,28,29,30,31,32,33,34,35],"x0":[22.500000000000007,27.00000000000001,31.500000000000014,36.000000000000014,40.500000000000014,45.000000000000014,49.50000000000002,54.00000000000002,58.50000000000002,63.00000000000003,67.50000000000003,72.00000000000003,76.50000000000003,81.00000000000003,85.50000000000003,90.00000000000003,94.50000000000004,99.00000000000004,103.50000000000004,108.00000000000004,112.50000000000004,117.00000000000004,121.50000000000004,126.00000000000006,130.50000000000006,135.00000000000006,139.50000000000006,144.00000000000006,148.50000000000006,153.00000000000006,157.50000000000006],"x_error":[1.8499935138743817,0.9116013237967193,1.30008219318696,1.7349715016618998,1.4761686867085637,1.9374643926538626,1.0187216663448289,1.4315256033245998,1.2266445299864597,0.8113188901294277,1.8134583462781482,1.7466323410719653,1.4129494830326959,0.913259193829371,1.1513082876406577,0.978335939680095,1.3342540426591751,1.7564209893147833,1.7045844478709564,0.9292786080877973,0.7158087310137845,1.6830435426022934,1.8241902787351036,1.9440242492015605,1.1935888032150426,1.2602809558357841,0.9908867009145189,1.8291203585557305,0.8219343191109297,1.6491863449645707,0.9136409510995558],"y":[674.493142340547,805.7643978019473,1007.2105329381563,1229.473975614148,1334.4658980309105,1604.4421529697397,1665.0595960937233,1637.2220041266378,1584.826089089225,1650.8899806523145,1744.5541208482987,1575.1867966203286,1640.8937245669867,1524.6396376306998,1616.4576014784398,2086.470320065892,2877.9564630088457,3293.478650232106,2715.7703705160384,1962.6564733229927,1606.917806937739,1203.500665879525,919.9210278848143,740.3770555714456,573.9420967223792,481.8258217511161,395.722193693697,339.5330379799405,276.8963810019603,245.199137958558,226.20392499453706],"y_error":[402.81603809868994,339.9872243558884,64.07095512526628,260.2943805051714,27.129152887181096,235.90802783858655,22.03777394926032,171.5355004015413,262.53466935471914,326.85324337248255,198.37369132672,365.5521170392766,31.32718936764567,470.00666603648443,215.19014577256635,308.9878560806161,440.691177206592,165.3779249734111,390.9495168236322,55.74843288708509,317.6420605742267,20.870846817387157,167.93256950539072,272.94438074354764,280.06793957446496,366.0333602919871,48.13803282036011,54.446620907617984,124.56871487902154,89.77496852638112,354.4401915938884]}