{"z":3.800000000000002,"x":[5,6,7,8,9,10,11,12,13,14,15,16,17,18,19,20,21,22,23,24,25,26,27,28,29,30,31,32,33,34,35],"x0":[24.000000000000014,28.800000000000015,33.600000000000016,38.40000000000002,43.200000000000024,48.00000000000003,52.800000000000026,57.60000000000003,62.400000000000034,67.20000000000003,72.00000000000004,76.80000000000004,81.60000000000004,86.40000000000005,91.20000000000005,96.00000000000006,100.80000000000005,105.60000000000005,110.40000000000006,115.20000000000006,120.00000000000006,124.80000000000007,129.60000000000008,134.40000000000006,139.20000000000007,144.00000000000009,148.80000000000007,153.60000000000008,158.4000000000001,163.20000000000007,168.00000000000009],"x_error":[0.836071288091371,1.1977694858621437,1.983097583030804,0.946128988587531,0.8883150568185251,1.7019767587083088,0.8223095974205191,1.1423521461581951,1.9496655543978636,0.6949467127667247,1.063897618475543,1.4340134262795063,1.1428417657998402,1.2424396505264368,1.7902580148726965,1.4725151722481264,0.8150918689581905,1.6977304500714707,0.9909324492513192,1.4688649192508345,1.339368152662967,1.4546926982973694,1.9074846812641733,1.7943188676569513,1.299018968601696,1.3434061951905059,0.7901873771242547,1.607014190268618,1.3357958875937048,1.6958211427083594,1.481950039787122],"y":[683.0843202681395,853.4118709053408,996.1551072476555,1249.4823395953235,1431.714074166695,1544.0529747831295,1564.99943073032,1572.2977896121747,1608.9969285060888,1647.7168880485015,1642.5410695634769,1712.2942748479027,1640.3910206195512,1581.528491159625,1742.649202515938,2040.0594637757706,2834.159603828302,3546.037090571073,2997.6547413206085,2159.7336117263762,1619.0650904663696,1244.064609912512,943.7451183804719,704.1679525891446,568.6576094437878,484.7718187015338,407.7823159009447,336.87588110783935,296.8463140961999,261.2609477203125,223.2949734609967],"y_error":[66.62194083478701,327.8329736673899,272.19659429910524,58.614921412481365,140.09421013700575,255.65724711943972,482.419145206375,398.046478591484,160.7662698924678,60.69532189617088,194.13627270246226,234.18021471380035,157.3960939618878,335.8679144936977,384.06820589825384,268.3309852590596,431.36820595312855,291.2616582170369,209.33092451126433,287.3094335873958,65.86216985263272,433.7998881763202,268.45058585018353,82.07377731460264,10.827401417099146,173.58407178714896,426.25120453032406,8.855493351289878,405.1871937135213,326.8228426251775,487.0381097979215]}