{"z":3.900000000000002,"x":[5,6,7,8,9,10,11,12,13,14,15,16,17,18,19,20,21,22,23,24,25,26,27,28,29,30,31,32,33,34,35],"x0":[24.50000000000001,29.400000000000013,34.30000000000001,39.20000000000002,44.10000000000002,49.00000000000002,53.90000000000002,58.800000000000026,63.70000000000003,68.60000000000002,73.50000000000003,78.40000000000003,83.30000000000004,88.20000000000005,93.10000000000004,98.00000000000004,102.90000000000005,107.80000000000004,112.70000000000005,117.60000000000005,122.50000000000006,127.40000000000006,132.30000000000007,137.20000000000005,142.10000000000005,147.00000000000006,151.90000000000006,156.80000000000007,161.70000000000007,166.60000000000008,171.50000000000009],"x_error":[0.826019227961168,1.0694074553189614,1.8853596622516855,1.8265130107074738,1.414207887600949,0.9430565929779093,1.553823149957351,0.9306988806139552,1.9677959973771306,1.0263389395270255,1.0389683767394131,1.9449942861903642,1.7775114425708405,0.7739135113671392,0.8738040411671834,0.9988524904143468,1.6216637384091022,0.783382858739361,1.7451601434305861,1.7477913955567537,1.1885277504751888,1.3423892209833386,1.0031541213243211,1.7291114891260888,0.781252205682786,1.6566731353182433,2.011470449787092,1.3390310924743551,1.5088194708454135,1.8383035129910756,1.9905336366131055],"y":[664.5585788724452,829.5054976134143,961.6906235222198,1240.6061379328096,1425.233806817671,1654.697930704845,1621.0206939212335,1645.9692053733881,1614.3105643740153,1600.9727606398696,1721.1358795626268,1697.327476244395,1568.1221465646747,1612.9167102450847,1641.7680926236258,2077.297354734712,3084.5748786175063,3476.0825437291833,3031.145573276301,2023.2322892753252,1603.8993412313444,1296.5451252219516,967.6863607722116,744.2293478311376,597.2403290964186,492.4058713551857,404.7119493536926,359.9535602518741,284.75597345153847,266.6583370366831,240.24566857594036],"y_error":[120.1634021749719,426.7322531953567,484.91949582014047,493.4182089297358,74.04453332057959,77.22973794687482,172.4562258892852,44.1575295675648,493.53520255634606,203.4104173202763,448.30092440152504,130.9620623214036,290.5439255489181,27.882865056751637,202.03483057214345,308.53748060971895,323.1829628218953,480.3708674040359,154.12605516270395,303.4544066218049,108.68322152488918,208.34534017862606,312.73031167023345,66.73453415822306,456.0067426518856,86.44484893071791,135.36331068279628,351.8035330521765,101.98365277623967,354.98644176566165,283.7050000002359]}