{"z":3.4000000000000017,"x":[5,6,7,8,9,10,11,12,13,14,15,16,17,18,19,20,21,22,23,24,25,26,27,28,29,30,31,32,33,34,35],"x0":[22.00000000000001,26.400000000000013,30.800000000000015,35.20000000000002,39.60000000000002,44.00000000000002,48.40000000000002,52.800000000000026,57.20000000000003,61.60000000000003,66.00000000000003,70.40000000000003,74.80000000000004,79.20000000000005,83.60000000000004,88.00000000000004,92.40000000000005,96.80000000000004,101.20000000000005,105.60000000000005,110.00000000000006,114.40000000000006,118.80000000000005,123.20000000000006,127.60000000000007,132.00000000000006,136.40000000000006,140.80000000000007,145.20000000000007,149.60000000000008,154.00000000000009],"x_error":[1.0244611502264152,1.8141664317658468,0.757981062926785,1.5400238474009265,0.9135320408202755,1.1409501496074803,1.0510195926959545,0.6439036886471576,0.7870952317689585,1.3590899005484336,1.14764663174262,0.6998197755970453,1.75184702884379,1.717490846420899,1.140357120752643,0.8451842656102078,1.3216373856571308,1.3887547615795155,1.6286500311852865,1.2607139851862446,0.9949818416711311,1.5090097946459715,0.9630314133528391,1.2110653110605742,1.3482354349084233,1.6796344283179117,0.8270995182629919,1.8143797304632419,0.7339771826577502,1.7614653160443925,0.8364576469606196],"y":[684.8450874783479,857.9548910696594,1024.496265175555,1213.2897671552516,1380.3903272656048,1589.9433675268228,1628.0127287246928,1675.8122475124192,1555.40767995704,1620.120403088404,1714.7331965468693,1567.6635278786098,1675.84400732103,1592.0739377200252,1723.6566234398342,2110.784556506632,2725.673888976189,3366.8219835180257,2851.326256285104,1984.7466828201505,1639.4703656096908,1235.524974776348,908.0653971435572,754.8970032204971,557.7708370974436,478.35662485923484,399.62978324800986,324.67565196025674,278.0586259203442,245.92279441027128,224.06439541371103],"y_error":[187.53636652177764,175.67731742596126,363.53781908755843,47.175346863631006,209.2728487072093,171.08065741675804,394.100246359537,27.021680847516883,102.2831761041485,418.8182316474631,65.18046637759257,387.0358581424741,278.0947929902834,175.59075767057863,195.18427281048744,264.69974162920505,51.98729014220038,147.65410649280008,97.58128992805126,333.7031492741429,327.73174272844096,0.6643564559190018,19.758503308348942,333.6756007314503,325.93244457757584,13.8591553982913,231.76746613397114,389.7132105730068,370.67413630858135,119.29948798713119,146.46326241260033]}