{"z":3.2000000000000015,"x":[5,6,7,8,9,10,11,12,13,14,15,16,17,18,19,20,21,22,23,24,25,26,27,28,29,30,31,32,33,34,35],"x0":[21.000000000000007,25.200000000000006,29.400000000000006,33.60000000000001,37.80000000000001,42.000000000000014,46.20000000000001,50.40000000000001,54.600000000000016,58.80000000000001,63.000000000000014,67.20000000000002,71.40000000000002,75.60000000000002,79.80000000000003,84.00000000000003,88.20000000000002,92.40000000000002,96.60000000000002,100.80000000000003,105.00000000000003,109.20000000000003,113.40000000000003,117.60000000000002,121.80000000000003,126.00000000000003,130.20000000000005,134.40000000000003,138.60000000000002,142.80000000000004,147.00000000000003],"x_error":[0.9612870149600472,1.2018051427545355,1.2259616192226388,1.6971908214897473,0.7418428591163985,1.188133781249674,1.1314939724013604,1.2473029663597344,1.0459741317722453,1.74942320190448,1.2577723762535675,0.7709248316170125,0.922765510646057,0.997288246701852,1.232006519330855,1.2648731046410466,1.294498756363449,0.7851806515946005,1.110907114527784,1.1231832788046097,1.7969357495003293,1.4208351843325056,1.0567530280922712,1.2322976428600108,1.4965528322364963,1.2748187847483805,0.9637423858204797,0.8238306882725464,1.258030128405537,1.1893982537110253,1.0122313556646452],"y":[627.3781824364396,837.8230022071674,1023.2823765988157,1150.9229988618354,1352.0314252268454,1616.2243075372044,1635.209324087156,1630.216940666112,1648.927868447392,1706.140221612667,1618.798168635459,1676.8353750154438,1616.5314194802481,1615.9865863221344,1603.2487571071795,2003.1609705620606,2652.5995270793233,3222.3310926886797,2635.469289363299,2054.658734250757,1628.7516599158805,1242.3693884026363,947.2280617554158,722.6940120988176,554.8011447604114,490.41895997508,397.0881723418205,346.242844755282,287.81853105976523,244.173479352418,220.4840697381024],"y_error":[489.3251537817264,135.8009457642162,326.1861261115713,106.02038093049305,332.5056572138765,170.57036122680225,90.57449251614314,383.52517721653265,275.45573726304127,271.9718670506407,431.7683491752424,481.7892090671887,424.41320115274885,245.8444429202933,237.01613344884242,334.4427160276883,441.1298753089511,325.5628301629786,250.88720189481128,315.65192512908914,152.6154539996174,423.95432076432525,192.63791795146878,447.0135791773905,326.94567020617905,208.81021984913895,148.86906782768884,85.56050367698798,301.62680093135583,201.876571165715,165.88334223738423]}