{"z":3.1000000000000014,"x":[5,6,7,8,9,10,11,12,13,14,15,16,17,18,19,20,21,22,23,24,25,26,27,28,29,30,31,32,33,34,35],"x0":[20.500000000000007,24.60000000000001,28.70000000000001,32.80000000000001,36.90000000000001,41.000000000000014,45.100000000000016,49.20000000000002,53.30000000000002,57.40000000000002,61.50000000000002,65.60000000000002,69.70000000000002,73.80000000000003,77.90000000000003,82.00000000000003,86.10000000000002,90.20000000000003,94.30000000000004,98.40000000000003,102.50000000000003,106.60000000000004,110.70000000000005,114.80000000000004,118.90000000000003,123.00000000000004,127.10000000000005,131.20000000000005,135.30000000000004,139.40000000000003,143.50000000000006],"x_error":[1.3929426176834525,1.2806779473319376,1.015415897361847,1.6999127830508045,1.8226050949594326,0.7334367865373475,1.6637159632547056,0.6119234939739562,0.9153917467798398,0.6142851433468307,1.6087125149813775,0.9988192551341024,1.529388838938043,1.4074545405030392,1.108018728811048,0.653347114017514,1.3949685620903882,1.8045119255513882,0.619465422288967,1.413472380538161,1.191945644352936,1.5295963487522197,0.7104181073429835,0.9949016659785197,1.0482327441722845,0.9960437452569559,1.0454014383734656,1.035815505460782,1.0213436725025675,0.6213518171192295,1.3225125316513449],"y":[628.4394828167277,845.299817566585,1019.2792458691463,1198.8753732753325,1408.8213083935027,1659.7065184797782,1552.3217013860965,1667.1202918742274,1658.8286824827599,1711.3621196803456,1666.3332449397212,1577.4851963182214,1639.3877086001398,1528.2586114232636,1732.3372717013187,1935.1410505451195,2681.6051613855357,3183.7320640114394,2749.5260129570847,1998.48505756347,1621.5581700868318,1175.0982223027029,963.7655852963195,719.4268971722344,586.2701638280436,461.8316686857291,380.1295556907969,326.71831259216964,277.1199381430473,250.88960809069576,229.8820103191967],"y_error":[411.34737224269327,176.28279031194606,170.09609187807328,153.39060217806866,304.59484514377124,98.49428550598138,442.88839664305823,433.3320291355319,387.38083683090974,40.73143362049336,1.4632833659967703,444.59938811589825,200.56298507283876,201.80242561065742,11.07275585832268,261.9922097893247,436.0401250381919,469.0573013605026,50.35854657801775,438.6367223817936,355.73019448053753,215.93226311255452,432.3032512278312,146.1105330589032,464.07481888613523,99.8483049432214,236.49088469516443,27.114944510813423,282.47445177754724,79.93118224708218,353.8891108441098]}