{"z":3.700000000000002,"x":[5,6,7,8,9,10,11,12,13,14,15,16,17,18,19,20,21,22,23,24,25,26,27,28,29,30,31,32,33,34,35],"x0":[23.50000000000001,28.20000000000001,32.90000000000001,37.600000000000016,42.30000000000002,47.00000000000002,51.700000000000024,56.40000000000002,61.10000000000002,65.80000000000003,70.50000000000003,75.20000000000003,79.90000000000003,84.60000000000004,89.30000000000004,94.00000000000004,98.70000000000005,103.40000000000005,108.10000000000005,112.80000000000004,117.50000000000004,122.20000000000005,126.90000000000005,131.60000000000005,136.30000000000007,141.00000000000006,145.70000000000007,150.40000000000006,155.10000000000005,159.80000000000007,164.50000000000006],"x_error":[1.8253011031739943,0.8956748831170818,1.1444750840485116,0.8993239228184207,1.2691081495665162,0.8865852750238634,1.81756954799129,1.5481498441743136,0.7131577886627442,1.5317625045043524,1.1422849286859855,1.987085874835795,1.9026017513139561,1.708690352798583,1.5856262601350073,1.5344480016591708,1.215802618895987,1.6289930701667554,1.9189091588547074,1.3848752159218045,0.7223327977687627,1.8277900389989097,1.6524122909300623,1.2155935092739723,1.13829214894412,1.8411602462232128,1.4378360852175482,1.27461795418403,1.420053834709502,1.214351615007994,1.1097919282522848],"y":[634.8437446987306,825.7901444470592,984.9717811023584,1160.4721808331094,1377.8609529851703,1626.0823229733678,1583.2965077579306,1551.7761154529087,1666.343628768868,1650.1992483846495,1655.5606755781746,1686.3916399441675,1644.9910774021268,1600.0130023799031,1724.62626925138,2074.8470901454225,2939.242087739418,3456.933591104458,2899.991936628236,2015.4176780432683,1735.5176935363004,1256.2874500333912,929.5572061233995,718.1919751736442,613.0524664093623,477.39974630427577,409.15565713391686,341.9528248718133,298.26110034400057,268.8637594707437,221.46878081661714],"y_error":[100.69094773791187,5.051324539795399,487.4260892576272,170.5850167922206,90.31227251783736,356.67418315120426,268.5709039533135,462.2896806531418,7.589542963557627,352.88210865063417,444.23754984513175,297.61396715103785,41.49952115818767,281.09675708775194,99.97634074972962,411.2904924686799,185.32828969873827,423.2791813493512,281.3925791578963,108.57662540889423,342.9558891969685,227.81472947541593,173.20820773338596,98.50431196321429,453.36660809519924,388.0938358532333,191.9635117251728,379.49123389424255,443.71391906639303,465.18127976648793,296.0289480573428]}