{"z":3.600000000000002,"x":[5,6,7,8,9,10,11,12,13,14,15,16,17,18,19,20,21,22,23,24,25,26,27,28,29,30,31,32,33,34,35],"x0":[23.000000000000007,27.60000000000001,32.20000000000001,36.80000000000001,41.40000000000001,46.000000000000014,50.600000000000016,55.20000000000002,59.80000000000002,64.40000000000002,69.00000000000003,73.60000000000002,78.20000000000002,82.80000000000003,87.40000000000003,92.00000000000003,96.60000000000002,101.20000000000003,105.80000000000004,110.40000000000003,115.00000000000003,119.60000000000004,124.20000000000005,128.80000000000004,133.40000000000003,138.00000000000006,142.60000000000005,147.20000000000005,151.80000000000004,156.40000000000003,161.00000000000006],"x_error":[1.4610401510927546,1.6208367831239174,1.6466762610043892,1.0005904348371704,1.6718185825446186,0.9504665591360055,1.9477646291259036,1.12393072892994,1.2810953706231785,0.7689147986260942,1.87318680902229,1.1036308369817989,1.6565621470777783,0.6619223569613909,1.4233643911634313,1.1900633729547452,1.9460244298257146,1.7032890657324884,1.2766820661981058,0.8937277967420078,0.7180105376844167,1.783131422856804,1.0818319365238687,1.3413918045780981,1.4259451791279454,1.5203594804674703,0.8242072671551095,1.3748490746258435,1.7360476398334068,1.0336201113317336,0.9027201018253357],"y":[666.3581234733227,854.9782373974541,1034.1071800981804,1250.4259878801245,1354.260238687855,1608.5144058284104,1538.5239196898526,1554.6924157249223,1670.2464363901556,1668.8384581044083,1632.3300999496464,1578.6108052440247,1625.5808618066162,1665.6694449137653,1599.433990792671,2013.267828205662,2945.616209719876,3298.923818706245,2900.661988226722,2108.090859924345,1629.231220038657,1266.7334584149758,957.070493261995,719.606424445716,577.5274334292874,498.594738542657,408.575981662212,328.44256550167376,287.5666815184112,266.43320753583464,219.2836890489945],"y_error":[180.6921161414291,461.0296272916535,71.16619238514676,281.85131218675565,56.91049457726993,319.1720354437174,126.28489706724355,112.20281447479108,20.825234113922452,250.58869728496745,395.28854203645494,353.44833108810013,218.44208642501505,325.2912456341287,112.8489339280624,83.22904767507511,492.82097421441387,197.33129157160266,350.7722715764755,260.9572603948214,303.3839867724827,478.54327684992415,392.6772864892414,428.2531084723025,474.3700550604129,263.0256821940041,241.2373460325643,275.79107510630206,389.56470455965996,427.8341870051843,116.80079430998447]}