{"z":3.3000000000000016,"x":[5,6,7,8,9,10,11,12,13,14,15,16,17,18,19,20,21,22,23,24,25,26,27,28,29,30,31,32,33,34,35],"x0":[21.500000000000007,25.80000000000001,30.100000000000012,34.40000000000001,38.70000000000002,43.000000000000014,47.30000000000002,51.60000000000002,55.90000000000002,60.200000000000024,64.50000000000003,68.80000000000003,73.10000000000002,77.40000000000003,81.70000000000003,86.00000000000003,90.30000000000004,94.60000000000004,98.90000000000003,103.20000000000005,107.50000000000004,111.80000000000004,116.10000000000004,120.40000000000005,124.70000000000005,129.00000000000006,133.30000000000004,137.60000000000005,141.90000000000006,146.20000000000005,150.50000000000006],"x_error":[1.7420683997734485,1.708585381811851,1.4097833813174354,1.8762966512742512,1.2221659653712247,1.6225323078692457,1.1984230539084593,1.1175530925122674,1.8793012797315407,1.0580084282351991,1.512941400932899,1.6890310775853576,1.6955291207163392,1.8501210622885822,0.9134094701428017,1.399817467221567,1.4344393768620525,0.7594307045637839,0.7070211122951183,1.4109148508831373,1.7629112132041218,1.8096266870627766,1.6559390464790014,1.4441738654822953,1.066054149150869,1.4219605038474417,0.6753211054212945,1.5298417249739122,1.3741222454019475,1.832643639030283,1.4769804883875248],"y":[678.8631084987034,821.9339050182188,971.0699717758267,1182.535440730107,1369.909480329699,1662.3995290078929,1605.627485332479,1581.189406130759,1588.7752189256266,1705.7895836763098,1749.0082716705235,1694.6514947360452,1686.3156504901533,1563.2384438732438,1713.76779393901,2036.0127425273597,2618.1302648525216,3129.0076993263274,2821.6504364710254,2035.262980447833,1696.6245837569231,1191.247283378414,969.6031081197303,737.2740765177025,595.766432932312,470.05453484709665,406.6226285042956,337.75769164952595,293.78491217765225,240.26054220961967,229.3753301467651],"y_error":[259.3070434970731,16.017453507521818,295.94410105090066,355.1016548818817,157.74461313586673,411.43019376428657,289.70004419602793,325.76268172040733,402.45228926498976,14.25900671951541,160.73129210595982,408.139438819626,392.78055998710835,455.9894764336744,136.30851489853657,262.4912361719651,92.11849712777354,299.7673862157031,67.80234465951762,342.37075329885346,421.70741271506307,225.61252376403084,322.2565652322037,100.20052739194895,393.1523186553343,52.89947266638073,304.7174397774085,380.7816072110287,424.0991193414925,160.8632378146694,262.94583405227513]}