{"z":3.0000000000000013,"x":[5,6,7,8,9,10,11,12,13,14,15,16,17,18,19,20,21,22,23,24,25,26,27,28,29,30,31,32,33,34,35],"x0":[20.000000000000007,24.00000000000001,28.000000000000014,32.000000000000014,36.000000000000014,40.000000000000014,44.00000000000002,48.00000000000002,52.00000000000002,56.00000000000003,60.00000000000003,64.00000000000003,68.00000000000003,72.00000000000003,76.00000000000003,80.00000000000003,84.00000000000004,88.00000000000004,92.00000000000004,96.00000000000004,100.00000000000004,104.00000000000004,108.00000000000004,112.00000000000006,116.00000000000006,120.00000000000006,124.00000000000006,128.00000000000006,132.00000000000006,136.00000000000006,140.00000000000006],"x_error":[1.1102819814548837,1.1098210053090116,1.4869260891343177,1.7094267711187308,1.1470158784656839,0.6974709820912144,1.404387587990803,1.5002175089090255,1.3348222684054307,1.3722729161572431,0.9953173289111099,0.6615670668249937,1.6040437545292023,1.4118334953458063,0.892900267333762,0.6256242637890712,1.3953806266071838,1.4443426748585453,1.0894650164410713,1.3864487861587869,1.4103308756562838,1.0980922766136416,1.7177642097174415,1.5169234199452795,0.7000211079106556,0.8626845263415328,1.4741095089575171,1.0636306965191247,0.6137632160396518,1.3222864117856266,0.8364114284078877],"y":[642.1381072070329,796.5441558763807,1048.503197157215,1201.5167763084576,1339.0003327026034,1524.6350780366706,1562.9304181405857,1581.6619936460222,1576.0863941248022,1609.9404051248935,1724.9108148820208,1615.024022244284,1544.3677213587125,1548.9427110535705,1611.879571233496,1960.7827199143526,2596.990301362718,3188.452194483699,2626.2147971971817,1992.2353093001996,1710.8739311114914,1191.0961021497505,964.1474107522981,705.2185696792101,596.1204508753697,454.08962261527813,397.3445540943034,314.18130498409283,274.41251132956415,240.51026824171555,213.82094367208373],"y_error":[138.66968648264788,168.8328600848449,157.95148916547308,154.40143869268007,8.668727156439516,14.485317303487122,81.90388487666466,422.2932436269616,311.15796755511735,456.7921567998069,479.31751698485624,414.4708385540301,447.78506553175924,74.01127102391558,132.5702972835464,466.5586671076026,469.25266768193575,98.51593822669923,245.0157253220998,5.860107952806448,88.27867062089634,395.02459122966684,486.3746237134551,362.35681426523126,280.0161130423108,457.2918333530412,126.47605820999142,145.37256223894457,288.16269667447017,495.3002564810101,418.2334971260001]}