{"z":4.200000000000001,"x":[5,6,7,8,9,10,11,12,13,14,15,16,17,18,19,20,21,22,23,24,25,26,27,28,29,30,31,32,33,34,35],"x0":[26.000000000000007,31.200000000000006,36.400000000000006,41.60000000000001,46.80000000000001,52.000000000000014,57.20000000000001,62.40000000000001,67.60000000000001,72.80000000000001,78.00000000000001,83.20000000000002,88.40000000000002,93.60000000000002,98.80000000000003,104.00000000000003,109.20000000000002,114.40000000000002,119.60000000000002,124.80000000000003,130.00000000000003,135.20000000000002,140.40000000000003,145.60000000000002,150.80000000000004,156.00000000000003,161.20000000000005,166.40000000000003,171.60000000000002,176.80000000000004,182.00000000000003],"x_error":[2.0172331997366864,1.0941278968092605,1.9508078662624362,2.122593162783478,1.8147800239107466,1.1456004705157166,0.8847589724035873,1.183112872424763,1.8221433821684934,0.8011895870016733,1.8681378947603164,1.6144282776816077,0.8253735219536295,1.996153410271484,1.3113175849126066,1.7984683007233873,0.7759198732674968,1.5091030128355496,1.2892261866378005,1.6614586781915817,1.157903462454083,0.7986205508873854,1.9176006742678706,1.903104293753771,0.7826725478727288,1.6662655636367698,0.9211752039053536,0.7732664411204583,1.019814856030128,1.6737333729512172,1.0041807198833523],"y":[662.5759596415838,786.1816176313918,1025.5059550067774,1248.635910916006,1450.8880773191163,1664.9887454298134,1559.4827847905792,1545.8017694354573,1591.556026362089,1618.263734547079,1731.0915962553547,1682.9592091943593,1653.470314050016,1636.8046517601636,1650.2209574600638,2135.257946524493,2926.0873451404564,3603.00651052479,3008.318475263553,2157.848983083073,1676.603905786843,1220.9465525035482,991.1432501748529,711.4428152048908,580.9809439569759,473.0850341818767,422.875437253312,340.50546670132337,314.8382095884965,273.4396427156754,248.1259397240465],"y_error":[269.79327966206176,348.4094316186996,468.91622439325886,104.06908189166198,479.7165507336903,268.3032326263241,147.30693205779076,461.85661440246287,242.34854314170272,198.59015703031048,470.10451020562016,278.3698503864355,321.36403646846435,116.36412553677833,454.2901794240527,409.224093550703,467.61321054467675,135.77112448999196,33.349259751301766,393.75636657738136,272.57563616710667,86.73330733748375,369.30728586121717,420.54172003998127,101.67273094214502,360.77948564267757,31.194359834072817,302.43940223015744,446.0678364290836,275.99316554966515,338.8674121068015]}