{"z":4.100000000000001,"x":[5,6,7,8,9,10,11,12,13,14,15,16,17,18,19,20,21,22,23,24,25,26,27,28,29,30,31,32,33,34,35],"x0":[25.500000000000007,30.60000000000001,35.70000000000001,40.80000000000001,45.90000000000001,51.000000000000014,56.100000000000016,61.20000000000002,66.30000000000001,71.40000000000002,76.50000000000003,81.60000000000002,86.70000000000002,91.80000000000003,96.90000000000003,102.00000000000003,107.10000000000002,112.20000000000003,117.30000000000004,122.40000000000003,127.50000000000003,132.60000000000002,137.70000000000005,142.80000000000004,147.90000000000003,153.00000000000006,158.10000000000005,163.20000000000005,168.30000000000004,173.40000000000003,178.50000000000006],"x_error":[1.7431533647106168,2.066202555688385,1.6470513105824263,1.7644414849974561,1.7118950940234994,1.2575973937820535,1.5345922385698039,0.8481989032719234,0.9316085019541301,1.0550974543781078,2.0694390408524415,0.7657915200604489,0.7879859921049104,1.8276351856965953,1.0183832521843308,1.5232742240120127,1.378547209339134,1.7781895489690278,1.4792169191072548,1.2837974013449849,1.5017055954200926,0.7862952428949963,1.9772731079586099,0.9078575779328724,1.7152139112095997,1.812157919940664,1.182189440069718,1.835131078253923,1.6504300168972663,1.0784697466010091,1.0141311653816816],"y":[643.2143770965073,789.4755267441045,1004.4311164185676,1160.9420176183635,1361.6034988207014,1553.2097972134527,1663.0921757077892,1583.9856459614548,1575.3223078050728,1585.5409837508041,1628.2748289032254,1641.9373180621646,1656.1942048622984,1532.826632603097,1753.0182083631385,2060.0325887900294,2959.2722784991015,3751.6109100357176,2897.6205874692173,2149.1597004638516,1673.426520435623,1294.0216329863722,940.2422593998929,747.9843984415214,615.9708061126628,505.9404161132683,418.25837917759003,358.4651925285168,297.2315502299866,255.50813385706246,245.94356264672015],"y_error":[319.463455460037,90.46723414039681,300.0547933347685,77.96284931426256,348.8474518144721,279.49637789874373,180.26610505857843,380.7872574899044,479.2003286753873,258.28669675780156,126.2495633604077,116.15580317928442,17.985072669399194,279.71462846771277,253.45462741743563,255.44199632282692,47.163731222427785,77.06205490871953,403.70499759137965,200.8008693900838,130.52612046266543,347.4273434793672,425.9865379856332,289.00956921477405,393.706709248528,46.823877276904845,320.42601574010496,174.53705767831596,146.29743800200478,343.2154776501336,161.79093625968278]}