{"z":4.4,"x":[5,6,7,8,9,10,11,12,13,14,15,16,17,18,19,20,21,22,23,24,25,26,27,28,29,30,31,32,33,34,35],"x0":[27,32.400000000000006,37.800000000000004,43.2,48.6,54,59.400000000000006,64.80000000000001,70.2,75.60000000000001,81,86.4,91.80000000000001,97.2,102.60000000000001,108,113.4,118.80000000000001,124.2,129.60000000000002,135,140.4,145.8,151.20000000000002,156.60000000000002,162,167.4,172.8,178.20000000000002,183.60000000000002,189],"x_error":[1.933995118790285,2.0466571114736345,1.9937470117507385,1.4000345017580733,2.035539349083938,0.9658741928078733,1.2806812445262372,1.8129899367856948,0.9075262163827178,1.4779330998433684,1.637802819519436,0.9077748065983352,1.3157481204025703,1.6357893896485236,1.0596772613547745,2.203790572362653,1.0609751115283503,1.2396329244162427,2.1691890421191817,2.1601626743462212,1.6732654938803047,0.8342964549297069,2.007519022644492,1.929308175943582,1.653770164166283,1.9715981219636947,1.5713769838399982,1.5129992213034082,0.9036730108716299,1.3680235598647377,1.8820383559081584],"y":[630.4379324246271,845.2286183283759,1052.8396854314628,1168.8477864583717,1383.3784629230233,1559.2626952486603,1651.8486899057823,1529.9458491051616,1621.7197459093286,1595.032393911147,1728.9427359698543,1675.8424499361101,1560.2821706933062,1662.116321936322,1640.041029850933,2255.668305824558,3069.745944184654,3832.6405448051755,3204.030111570535,2096.3447416855556,1608.9464984937295,1268.673161890157,945.5553276745682,720.9842354267546,587.4446262730708,487.5166468263343,405.9836766126505,363.99375470670674,303.28039860907626,276.7249667974504,251.29978121080157],"y_error":[99.48077023322344,437.754991291788,293.8591997904875,381.97926938952156,355.78715144941555,216.74103179602756,274.5762864167095,381.4176456492897,212.70550117692977,277.8066474879058,211.72884449774298,336.9177167434108,412.6499936987783,68.60520618523158,307.97329120849946,213.6368648925946,476.6089331324573,342.0378692608327,344.142014898168,352.8069061138812,456.82948396093514,70.4945012270275,203.30748844376444,248.18785187601745,184.9331431240704,314.005941495023,307.0778481959319,135.58026975712033,264.95238392471765,345.8656938385044,145.59307606549444]}