{"z":4.699999999999999,"x":[5,6,7,8,9,10,11,12,13,14,15,16,17,18,19,20,21,22,23,24,25,26,27,28,29,30,31,32,33,34,35],"x0":[28.499999999999996,34.199999999999996,39.89999999999999,45.599999999999994,51.3,56.99999999999999,62.69999999999999,68.39999999999999,74.1,79.79999999999998,85.49999999999999,91.19999999999999,96.89999999999999,102.6,108.29999999999998,113.99999999999999,119.69999999999999,125.39999999999998,131.1,136.79999999999998,142.49999999999997,148.2,153.89999999999998,159.59999999999997,165.29999999999998,170.99999999999997,176.7,182.39999999999998,188.09999999999997,193.79999999999998,199.49999999999997],"x_error":[1.2551189459476912,1.41049957454071,1.3548663059231532,0.985294709667967,1.2187869632973602,1.1358650939893957,1.275224774704657,0.8775137834154736,1.842036390814215,1.1537486313830287,1.9195548017298076,2.028850365959576,1.676127743452811,1.504560765363858,2.291028799838189,1.7283326999805166,1.6499911254649564,2.297275899544902,2.156266990817,2.0552626252703483,1.4301174292612506,1.5736163509139105,2.123451561096188,1.247430600397402,2.1512265093977527,2.06740947418802,0.9485128982537673,1.1525846001437108,1.7645260303652575,1.9334272279134663,1.5432016558631496],"y":[678.8392248306549,821.2506335459162,1017.0652264158325,1208.272850902032,1373.0748294535697,1669.8296242615293,1607.2039949289417,1560.7787458803675,1578.0618097922768,1650.6196639093196,1617.562332157412,1702.929708396714,1533.9052224598865,1562.5500264738935,1652.398185445141,2197.4104791615687,3186.8976411572694,3874.171997483063,3095.1158356449123,2140.5675648283127,1716.2608488332528,1313.4860355233795,965.6277970662135,785.7986288566683,587.1676653456118,485.92841548495244,404.7410895246608,366.9408077377166,305.20179540081233,276.9583014155065,251.21283414253872],"y_error":[182.27367003443507,459.390055234162,33.44706619870197,340.46169102142676,383.98733638190873,199.88990123857442,81.19312193270112,132.9953698023123,193.36182217168763,194.85993795668955,103.44494604419374,179.89647648334062,86.53147626338354,292.2971784005293,132.15583429298184,4.771401289966448,74.60882699118254,2.238818770951667,483.41183750699435,482.6999906224376,42.28938115125614,8.48608623593572,308.5595099302836,268.22424329949257,102.74303709367783,394.60053848531504,249.09409906338743,27.83189614998438,205.83123546767933,171.5360992956596,144.93623108516095]}