{"z":4.999999999999998,"x":[5,6,7,8,9,10,11,12,13,14,15,16,17,18,19,20,21,22,23,24,25,26,27,28,29,30,31,32,33,34,35],"x0":[29.999999999999993,35.999999999999986,41.999999999999986,47.999999999999986,53.999999999999986,59.999999999999986,65.99999999999999,71.99999999999997,77.99999999999997,83.99999999999997,89.99999999999997,95.99999999999997,101.99999999999997,107.99999999999997,113.99999999999997,119.99999999999997,125.99999999999996,131.99999999999997,137.99999999999997,143.99999999999994,149.99999999999994,155.99999999999994,161.99999999999994,167.99999999999994,173.99999999999994,179.99999999999994,185.99999999999994,191.99999999999994,197.99999999999994,203.99999999999994,209.99999999999994],"x_error":[1.8432399722012298,1.7083881093897246,0.964047656592355,1.1995952043910751,1.8669901962623812,1.6063877257443757,2.2301457996498275,2.1414340402652665,2.153235801284496,1.9496673061278083,1.571414390287135,2.0812145235994537,2.110956268254643,1.693258777137535,2.2660880489099915,1.3067064683290266,2.0087235412714115,1.2459102326533094,0.8326090835348088,2.1408066905351077,1.7328840784331674,0.9123999254729908,1.0708688900592316,1.4330590525512517,1.6069472901537196,0.8850881411106571,1.4414539174178551,2.3872668436102753,0.8812888311872739,2.3883768192156634,2.3882005790211047],"y":[670.2730141349662,864.3321609630725,1032.7892140239824,1167.3471948710617,1330.7861095748444,1621.6927341161625,1573.5122185680307,1567.1760638822195,1584.021494635946,1631.2273689584008,1657.3326047831436,1572.5596114493474,1673.8008816528268,1616.6458419901292,1644.2417806340816,2335.851357598648,3296.205883443122,4136.369768698366,3470.0442192124624,2334.6320152597946,1676.1478774786228,1213.2584922580002,952.3333817419011,726.0870480684988,588.9149635440352,517.4904426748608,441.1292449959841,353.14895530810486,306.4477071333385,279.99997629419124,247.0281299804271],"y_error":[465.6301524427635,329.2441613829508,338.8549041809593,364.7184817388642,339.80987831594,93.93317424101532,157.70207656675106,115.83497280011956,146.49934343575165,382.00215712526966,371.4771994038741,123.71082672389177,183.34566725616207,174.9512094788489,324.3928929683716,404.8658126985555,270.98553718215777,298.91788144589793,467.11188475830477,141.1166932400756,149.43658838056683,270.4254125052925,421.9382477457773,171.65023219408982,211.27765746482362,294.19736766399586,332.9997251158318,123.35258814706206,287.78308771043027,57.364147431938186,62.216911898052565]}