{"z":4.6,"x":[5,6,7,8,9,10,11,12,13,14,15,16,17,18,19,20,21,22,23,24,25,26,27,28,29,30,31,32,33,34,35],"x0":[28,33.599999999999994,39.199999999999996,44.8,50.4,56,61.599999999999994,67.19999999999999,72.8,78.39999999999999,84,89.6,95.19999999999999,100.8,106.39999999999999,112,117.6,123.19999999999999,128.79999999999998,134.39999999999998,140,145.6,151.2,156.79999999999998,162.39999999999998,168,173.6,179.2,184.79999999999998,190.39999999999998,196],"x_error":[1.8936538082062029,1.8752786278355345,0.9782373954908057,1.2810063447252047,0.7725710622291189,1.6941636077369417,1.8200291480935333,1.461092192298515,1.2531297040258649,1.4603065109814044,1.5896505126305378,1.1040416957398396,1.8378742368339194,1.628318989249017,1.2696995209996382,0.9100749637902352,1.6713714301469857,2.0981606886789477,1.4059718566153814,1.4531398820156638,1.243414167653207,1.9902390044557743,1.8632050317566704,1.873961975511095,1.1243891017904901,1.8334733268103451,0.8055850177327031,2.2354048402255193,1.4247580213398336,0.9463786712832027,1.0619911758437002],"y":[682.0251647205388,806.1550240461121,959.4808039969354,1213.7100915379895,1386.4322619547813,1668.3062393660975,1661.8958338606476,1587.8870093532541,1599.7082391547058,1647.979350761018,1593.1378569216697,1646.5945413101442,1588.3213511120018,1641.5493900149222,1653.783709118548,2138.743598133496,3272.481964096493,3848.661044652703,3185.835609062312,2157.2440165087405,1737.0153762938012,1263.5392313720854,927.0388367510055,781.4092153936734,618.9020333360887,503.19597517870073,430.73280791781394,363.8813515577531,317.5503658994314,283.66256429227155,240.0391136473709],"y_error":[187.99832631715574,435.7124892608825,46.112993914579235,434.9381975425436,170.8822618981105,230.48251862593395,320.6286144753229,230.84137684064564,260.9009946581934,381.17779431719055,300.49192146485416,48.017457686214016,51.57813716020598,349.7165039954374,247.38072413175348,492.8227183313596,314.91959927965064,286.0931044165338,273.39325676236524,296.78127506054983,375.5505597815867,93.28660193656802,196.72206305027927,68.07913855380777,245.4590340634316,112.4436498844964,355.36044505633157,420.7309696445858,212.44323588204915,407.53849852620647,110.59799902221013]}