{"z":4.300000000000001,"x":[5,6,7,8,9,10,11,12,13,14,15,16,17,18,19,20,21,22,23,24,25,26,27,28,29,30,31,32,33,34,35],"x0":[26.500000000000004,31.800000000000004,37.10000000000001,42.400000000000006,47.7,53.00000000000001,58.30000000000001,63.60000000000001,68.9,74.20000000000002,79.50000000000001,84.80000000000001,90.10000000000001,95.4,100.70000000000002,106.00000000000001,111.30000000000001,116.60000000000002,121.90000000000002,127.20000000000002,132.50000000000003,137.8,143.10000000000002,148.40000000000003,153.70000000000002,159.00000000000003,164.3,169.60000000000002,174.90000000000003,180.20000000000002,185.50000000000003],"x_error":[0.8912466413123269,1.437950655735316,1.0428426068646695,0.9084345279588301,1.7159438372967146,1.2477796162341555,1.8316724221386163,0.9822554979929092,1.7536551330728818,1.981887327693285,1.9036107495135197,1.1248793287311702,1.3177593384548723,1.356527530639871,1.6938661783185105,1.4195613376268819,0.7961028273214502,0.7322299500084319,1.8454061082341942,1.8731723386903236,1.825193851343037,2.1805672459288656,1.5315646982271973,1.1186107103198561,0.9947003097693069,0.8880155217802739,1.1782798413119044,1.1446628771851086,0.9693546262796098,1.7610204741643836,1.8907475107367375],"y":[631.241269161052,825.6909636655979,1053.2646172335367,1157.1167306967332,1382.5245970132678,1662.9129033187492,1651.2854365076746,1653.6735349199575,1582.1745547500527,1660.4555968997206,1687.6357860359208,1711.35481733543,1572.1594518081247,1527.3316126717289,1663.16376798993,2128.8406914352245,2964.901180840498,3574.6618313839454,3157.9778782441977,2179.187047286211,1602.3952810811916,1274.4060114888046,938.5353040567128,769.8911412613057,597.1872217797893,501.7256156317876,404.34364889757325,334.6683882485722,299.326805790435,267.2139363342047,250.04135972146574],"y_error":[220.43323418735207,251.92881031233804,78.71936830434944,144.59847722325492,312.987730484525,338.2410572619178,371.47043345917575,212.3080193260687,404.4213363838657,425.191848088722,366.9338630244459,245.63033126382737,201.10122135826168,418.11023958823546,459.17310472288676,417.67268833345474,223.10979966539668,36.76937268892211,257.09151553139355,39.14329537002181,129.75822895899358,258.0796969760475,181.77763264722634,29.976358269393046,21.791180916711394,83.37218660651568,454.1190138603983,62.96204823720019,162.16073085533787,76.3681130808529,214.78474743297815]}