{"z":4.799999999999999,"x":[5,6,7,8,9,10,11,12,13,14,15,16,17,18,19,20,21,22,23,24,25,26,27,28,29,30,31,32,33,34,35],"x0":[28.999999999999993,34.8,40.599999999999994,46.39999999999999,52.19999999999999,57.999999999999986,63.79999999999999,69.6,75.39999999999999,81.19999999999999,86.99999999999999,92.79999999999998,98.59999999999998,104.39999999999998,110.19999999999997,115.99999999999997,121.79999999999998,127.59999999999998,133.39999999999998,139.2,144.99999999999997,150.79999999999998,156.59999999999997,162.39999999999998,168.19999999999996,173.99999999999997,179.79999999999995,185.59999999999997,191.39999999999998,197.19999999999996,202.99999999999997],"x_error":[2.240077032763552,0.7922915770686669,1.1613675887643784,1.624595965059842,0.8443313408982875,1.6815415765369686,1.5201663261927107,2.0797609554254888,0.9750151651598413,1.171673272049229,1.9730469461302058,1.8823017284595052,2.1495709807601906,1.6407417873161343,1.4429982527873726,2.309107080128726,1.1259310690667785,1.9277307357280136,1.0106577042038998,1.524505856919627,2.2331331827305676,1.5248863521506013,1.1452641666936487,1.0797152099500313,1.7638270242395444,2.3226495918199346,1.2615998551861498,0.7921402091700307,1.9110734877223052,1.3966600261505127,1.3510003503305934],"y":[641.459976202768,824.988936687307,1040.0557840292952,1188.700531290715,1337.5302396753016,1573.9097206965562,1537.482535498826,1544.2018137246957,1654.4159440260453,1672.4672545179003,1702.9266073029255,1594.5359084469437,1633.111175847882,1601.5324377966376,1732.7288835453728,2266.1690284163938,3209.21478358712,3926.785871141746,3132.899557948582,2157.803972046451,1719.844801442226,1221.5719763405482,983.9892437354529,761.459547167,587.0392273937548,496.64185170611347,418.5479858447041,358.045433426407,301.51093260876974,267.494350494796,261.1608068029661],"y_error":[281.2196879634756,421.36017776665824,350.3460239445612,324.5946026704355,252.92215221159597,305.09398772399385,139.16607807418447,324.6495419422024,473.74481427544515,269.19739632540643,44.752504141238994,288.3363991544843,351.06159536281524,11.372873046831323,330.5229021560946,264.6226984398384,163.46171450980606,311.83620062570685,113.59737780016499,479.5647781239705,349.89771165897497,104.09745291704853,161.5916390054811,239.35503454133521,368.3604944173692,489.2559788228265,282.3312185754847,272.55528454962985,429.4313045389099,410.8435218295602,270.0701662714431]}