{"z":4.000000000000002,"x":[5,6,7,8,9,10,11,12,13,14,15,16,17,18,19,20,21,22,23,24,25,26,27,28,29,30,31,32,33,34,35],"x0":[25.000000000000007,30.00000000000001,35.000000000000014,40.000000000000014,45.000000000000014,50.000000000000014,55.00000000000002,60.00000000000002,65.00000000000003,70.00000000000003,75.00000000000003,80.00000000000003,85.00000000000003,90.00000000000003,95.00000000000003,100.00000000000003,105.00000000000004,110.00000000000004,115.00000000000004,120.00000000000004,125.00000000000004,130.00000000000006,135.00000000000006,140.00000000000006,145.00000000000006,150.00000000000006,155.00000000000006,160.00000000000006,165.00000000000006,170.00000000000006,175.00000000000006],"x_error":[1.877548972776914,2.0784911176252607,0.8169950413585614,2.0494583098245513,1.8656223414067548,1.2710850492871844,1.4038719581341637,1.0443957055849913,1.976420125569687,0.9466483318896097,1.31132501829297,1.9387854667669135,1.7247870083215737,1.1599814982948708,1.2729509523244984,1.0199802916935965,1.5144596918113247,1.4670105680086238,0.825180778290217,1.392000633215107,1.3197173044669777,1.2581772301815137,0.8560664969038401,1.7219993177173571,0.7789505146624479,0.725288076743126,1.8229226937077578,1.667044575496956,1.079757059981545,1.8639590719840617,1.8059170605023993],"y":[625.6435848735678,852.5594121956876,1042.1597172887566,1198.0286160473793,1428.2983841885211,1581.0279966559785,1645.4254845581424,1615.6667580790581,1658.6206786766163,1707.9325398413837,1681.643258398768,1638.8949472703466,1632.0068088842895,1570.6131609827453,1726.784388435492,2104.089202984218,2909.7585785641168,3582.0186734283857,3018.5909716412802,2043.1793045618097,1687.9448496079283,1255.2464211804108,989.0742239602938,713.5046387690858,573.8951848275162,495.89021581700297,420.4358779540473,349.34081795872896,305.8300380432882,268.75483416343906,236.24348086505037],"y_error":[446.07727624563853,161.00711825675685,373.09545489346885,407.1722768870123,495.9820850197856,294.64678357394126,468.5368847117705,245.35346138977167,130.58744758653341,57.780691153149434,293.25531642515233,481.88665440237634,271.28183340490176,308.5030246662046,214.090971869351,412.70358188633816,302.2750700066781,245.5747249095541,156.95427151880247,66.52385366832891,189.11856844281672,331.02261545777833,248.74256340685852,63.11058775512046,81.08266967672462,379.89621127999993,59.584197940975244,36.745000354371896,389.64437208652845,237.8152414292305,97.96843225663766]}