{"z":4.899999999999999,"x":[5,6,7,8,9,10,11,12,13,14,15,16,17,18,19,20,21,22,23,24,25,26,27,28,29,30,31,32,33,34,35],"x0":[29.499999999999993,35.39999999999999,41.29999999999999,47.19999999999999,53.09999999999999,58.999999999999986,64.89999999999998,70.79999999999998,76.69999999999999,82.59999999999998,88.49999999999997,94.39999999999998,100.29999999999998,106.19999999999997,112.09999999999997,117.99999999999997,123.89999999999998,129.79999999999995,135.69999999999996,141.59999999999997,147.49999999999997,153.39999999999998,159.29999999999995,165.19999999999996,171.09999999999997,176.99999999999994,182.89999999999995,188.79999999999995,194.69999999999996,200.59999999999997,206.49999999999994],"x_error":[1.5859390448076534,0.9937348162761123,1.5470173208299673,1.895614127530568,0.942492441072249,1.8339624496313007,1.3493214477013455,1.8364704032814283,1.7654699341567242,1.6722559934304695,1.159638612992425,1.0260684881519342,2.309632839665742,2.0847841490673202,1.6934509039631247,1.6224476072331184,2.2441764729633746,1.2625769602501973,0.9888711040573178,2.3404880089499422,1.8738039755285247,2.2356332154653797,1.2338862316810346,0.8881715060740254,1.5329620908078243,1.0152917686056233,1.4507413751130909,1.9770226154231276,1.1700622070593565,2.0884820716445747,1.8630980859212543],"y":[672.0143743334847,842.0255219722466,1052.7028251158617,1207.081429921703,1328.7312415606032,1583.3561681878537,1605.1224589677934,1588.5956634169506,1637.8207912182597,1618.2318589166189,1702.4975539204443,1610.7111265455433,1616.8494394534173,1609.2932220085556,1769.5901403342323,2171.3875560232395,3448.084513924997,4007.4627156396396,3192.0092619414327,2269.3541909738524,1737.3743669889054,1220.97222073173,973.9937046156331,740.2072656609512,603.9235840791067,479.7214156135062,404.71414839099543,357.07865818089357,305.71250208580585,274.5485429691089,241.1526721649665],"y_error":[50.92926950431009,430.62411309480285,477.7375578303318,201.73491902198458,112.32684047845376,405.58270024808076,98.6879925887324,458.98449937502085,426.43648475013174,53.4350373910999,175.73747619834944,269.7147002270401,300.854342505509,241.41230703021665,289.6284735413078,26.25923665063179,478.8772715445383,164.30727683367618,335.7538606294845,231.32524120572228,165.6452737158487,38.06621994799697,430.01560019296505,481.8033710988726,98.80036675899373,279.4494207851299,382.5946148473588,85.33420582559226,88.36041517359516,353.0994472712884,465.6141082671923]}