{"z":4.5,"x":[5,6,7,8,9,10,11,12,13,14,15,16,17,18,19,20,21,22,23,24,25,26,27,28,29,30,31,32,33,34,35],"x0":[27.5,33,38.5,44,49.5,55,60.5,66,71.5,77,82.5,88,93.5,99,104.5,110,115.5,121,126.5,132,137.5,143,148.5,154,159.5,165,170.5,176,181.5,187,192.5],"x_error":[1.5317426018576143,1.4911727953870513,0.8142124315823968,2.2486330647788986,2.159122470742954,0.9992832801288503,1.7895195043819982,1.2858241353410813,1.9036812514494847,1.502489469931981,2.0465318442866245,1.7088008512730857,2.0161356303938494,2.1976106553805037,0.9193573957257701,1.6755267014581858,1.9030650745967606,1.5699260515302678,2.1985980962321454,1.222004265773366,1.4690880531338166,1.6186036602881684,1.5358882084999277,1.04461117861665,1.0652594279386813,2.0024889388229408,1.496448151361644,1.938122101399064,1.361348366807014,0.8085845714126322,1.4364366674985625],"y":[657.9230018497316,859.5834064862188,985.6874085462381,1243.0705576931643,1332.3038588630272,1620.733379986322,1548.4407593912256,1646.902240452449,1658.750729993507,1662.8277098760316,1584.8940471911449,1595.396997472242,1576.067092229577,1567.1818537118936,1655.447252022433,2269.583109317035,3105.8425330211235,3943.774682003621,3092.6522226847883,2191.016040604286,1601.939166641262,1287.4278076944593,913.8114638833783,780.5212184700692,580.4272757132437,480.3477528309251,409.8293654026366,368.39896391626655,297.41554836376076,266.2200207618902,234.83994573020573],"y_error":[103.34604998084906,83.3399933600768,27.54557513273126,100.30502637779092,131.55546740242252,340.81291372347334,414.76459649156374,130.05925545086183,226.24027103182243,137.83028531479113,303.10724267175283,365.84063780762057,83.87917525902667,202.17484008616492,257.44580075710655,133.73181973710467,373.89102411665885,242.36652418204974,216.00572343049507,223.22722542403207,36.87996002871308,126.74356259185792,66.50706753905544,396.4531216937833,397.09634418848236,28.141502235719095,206.1039611568901,65.26191684390925,81.23674278209381,32.518034884496785,90.85488871413449]}