{"z":5.599999999999996,"x":[5,6,7,8,9,10,11,12,13,14,15,16,17,18,19,20,21,22,23,24,25,26,27,28,29,30,31,32,33,34,35],"x0":[32.99999999999998,39.59999999999998,46.199999999999974,52.79999999999997,59.39999999999996,65.99999999999996,72.59999999999995,79.19999999999996,85.79999999999995,92.39999999999995,98.99999999999994,105.59999999999994,112.19999999999993,118.79999999999993,125.39999999999992,131.99999999999991,138.5999999999999,145.1999999999999,151.7999999999999,158.39999999999992,164.99999999999991,171.5999999999999,178.1999999999999,184.7999999999999,191.3999999999999,197.9999999999999,204.59999999999988,211.19999999999987,217.79999999999987,224.39999999999986,230.99999999999986],"x_error":[1.2575295578420407,1.8127483054769427,1.729364835379918,1.4340394262867595,2.1174789032179335,1.8009869743201892,2.5735135155860163,1.5213574882759413,1.641429277248339,1.8787570226287547,2.019378935492908,2.0347658071023718,1.442815953551178,1.5083742603437051,2.22636016636495,2.200443817155091,0.9587484856037108,1.7662275572158237,1.685097059020588,1.2495143996740044,1.5703987653106817,1.2828599814907642,1.0221573655478131,2.120293728970365,1.8761441365528473,2.051774289619477,2.5071974445293774,1.8983232422653606,1.2352548068129134,1.053339923997842,2.022486155151309],"y":[643.3301595020482,827.9629407236885,1052.042913593773,1192.352175777219,1415.2524624823886,1670.555683922688,1627.448143378307,1608.8153669594826,1634.1059879352415,1590.6507284286515,1658.1697873763653,1563.2283802452414,1594.224903032062,1562.787809997147,1785.5898663525384,2331.4690979405514,3702.1803267000532,4191.1154786075895,3506.113755257274,2311.8688418424717,1773.9048538428492,1285.723209599857,987.8941875605242,805.3536966326159,644.1431220484359,498.59750538747676,456.39772637725923,360.19306791303075,321.0025683182679,298.36407270676125,271.5649073189569],"y_error":[480.3175265199484,378.52385814503685,173.72706086015276,20.699893042776086,473.00735867407275,141.13680668038376,312.77603523029705,185.53147991288245,268.60841907785294,290.2157464829521,168.8340481789734,137.1261786728314,120.17823331918697,260.5360743706394,310.65464948417696,104.43390511731454,330.30241807437875,97.79969939674903,34.04417875741128,77.05283259529227,409.0229811755954,31.820946913865058,223.52574470298214,380.61008623140293,120.36469882746326,314.540050563868,185.5541923247811,12.46207775922359,499.0884454247803,240.07734726455766,339.14727922010957]}