{"z":5.799999999999995,"x":[5,6,7,8,9,10,11,12,13,14,15,16,17,18,19,20,21,22,23,24,25,26,27,28,29,30,31,32,33,34,35],"x0":[33.99999999999998,40.79999999999997,47.599999999999966,54.39999999999996,61.19999999999996,67.99999999999996,74.79999999999995,81.59999999999994,88.39999999999993,95.19999999999993,101.99999999999993,108.79999999999993,115.59999999999992,122.39999999999992,129.1999999999999,135.99999999999991,142.7999999999999,149.5999999999999,156.3999999999999,163.19999999999987,169.9999999999999,176.79999999999987,183.59999999999988,190.39999999999986,197.19999999999987,203.99999999999986,210.79999999999987,217.59999999999985,224.39999999999984,231.19999999999985,237.99999999999983],"x_error":[2.4382290372181785,1.8898308235807182,1.822731012621613,1.0041127667816618,2.2580955807255347,2.6018321109216216,1.0052081944345777,2.4188593175449205,1.0642832421482595,1.2803246109508597,1.4144654597450494,1.5656438421206311,2.4075289787171292,1.0300028272681534,2.6356523945102563,1.8871657790503296,1.1824807557130548,2.1214313995677436,2.4175157124442235,0.998333687657283,1.029475830401979,1.7987080678971816,1.602175649704269,2.6273372420372416,2.1186541844479025,2.5489181506910326,1.9832251531113383,1.098672606058974,2.2680594078795653,1.5924524427139195,1.4322212394271325],"y":[636.14323933788,786.7274738248042,1048.9249120086383,1210.9220478076036,1380.2897711567343,1595.7470753729979,1663.1947498975396,1539.5881672003502,1632.6422404687046,1623.1724002286596,1607.2379137807156,1652.3358997582886,1599.7049067694345,1528.6569666142059,1701.1047645079734,2300.134329568237,3528.7121471557452,4561.807901488704,3776.778732640605,2354.1194685562155,1649.2347635870628,1328.248615489028,1010.546107014523,786.6878860679716,634.042481937324,537.6774233969294,425.1512389432028,362.3545755931146,348.1922126743249,291.3872111202821,259.23938176782445],"y_error":[343.6876239586888,36.78230501358848,156.44013444605443,408.434544649704,148.03980542377047,137.06641573693346,249.8855260407359,371.6785627346604,79.18577855815833,233.88331417700826,475.31054458459033,176.3860505702063,96.22291296622365,210.7271554261807,421.02316328985756,47.272780037283525,239.53465861298506,294.2376705378059,140.55881927674085,265.92989858783045,492.439937764929,105.33745631261272,322.5471630970518,201.42137816114302,389.1725552435479,109.8999139263086,386.17886480295294,326.3867709043965,296.46324865382326,154.45867175277039,426.33253396262705]}