{"z":5.099999999999998,"x":[5,6,7,8,9,10,11,12,13,14,15,16,17,18,19,20,21,22,23,24,25,26,27,28,29,30,31,32,33,34,35],"x0":[30.49999999999999,36.59999999999999,42.69999999999999,48.79999999999998,54.89999999999998,60.99999999999998,67.09999999999998,73.19999999999997,79.29999999999997,85.39999999999998,91.49999999999997,97.59999999999997,103.69999999999996,109.79999999999995,115.89999999999996,121.99999999999996,128.09999999999997,134.19999999999996,140.29999999999995,146.39999999999995,152.49999999999994,158.59999999999994,164.69999999999993,170.79999999999995,176.89999999999995,182.99999999999994,189.09999999999994,195.19999999999993,201.29999999999993,207.39999999999992,213.49999999999991],"x_error":[1.301073412974978,0.8424539152292039,1.3353043050063191,1.475135269176174,1.1355315184039632,1.6224801993246927,1.9281341913998027,2.0341453348582137,0.9729120256021726,1.0178445637182814,1.5251718423529628,2.1074022785047237,2.361163928816305,2.183786321181782,0.8692083974142064,2.2996553080563005,2.3187914392863553,1.124234279765622,0.8947655168615435,1.681325477183453,1.3137423093990857,1.3907803606244156,1.080564469838377,1.4501448592782888,0.8293152459363041,1.6744591725841809,1.6132079951085792,1.2031492075646866,1.725979256521414,2.3583511627662395,1.0484549541461212],"y":[676.7602022078253,830.8094177904726,966.442051284763,1236.5335881558062,1329.683401699095,1671.9880584189625,1636.358549555282,1541.334395657349,1616.0695654138822,1558.464889818711,1666.672306181406,1704.4053380606597,1666.4629171343186,1645.0592970736598,1635.8855304874346,2201.8801157646744,3286.273344645525,4101.091070947424,3303.9578052798306,2274.196432705701,1701.6931013115766,1310.5842747533559,978.0777239239059,794.8216875524788,633.3439467008066,526.3463719179891,411.6836014908285,352.4669739673768,334.5446067037882,297.4556435446853,268.6921112432311],"y_error":[459.0685325360555,63.5677103791491,55.25772827439046,404.0564266335105,291.67689568931945,300.11282910581747,306.87937556786846,29.052200356790014,433.5718933123697,497.9648696825245,274.03018979190153,175.80617422533663,154.70627543541949,264.73865349290116,6.117927754523467,313.699671117592,432.4288663591347,260.27649471565985,437.3693782357868,364.79424694922477,69.83633500298569,262.86823292434735,262.14028228440066,406.7388067214625,387.40989942555535,69.1520696249619,494.9840959921442,313.5693367850635,237.23919051361386,147.0211489917881,449.75035368818004]}