{"z":5.299999999999997,"x":[5,6,7,8,9,10,11,12,13,14,15,16,17,18,19,20,21,22,23,24,25,26,27,28,29,30,31,32,33,34,35],"x0":[31.499999999999986,37.79999999999998,44.09999999999998,50.39999999999998,56.699999999999974,62.99999999999997,69.29999999999997,75.59999999999997,81.89999999999996,88.19999999999996,94.49999999999996,100.79999999999995,107.09999999999995,113.39999999999995,119.69999999999995,125.99999999999994,132.29999999999995,138.59999999999994,144.89999999999992,151.19999999999993,157.49999999999994,163.79999999999993,170.0999999999999,176.39999999999992,182.69999999999993,188.99999999999991,195.2999999999999,201.5999999999999,207.89999999999992,214.1999999999999,220.4999999999999],"x_error":[2.106484248964598,1.7659818063973702,0.839267134335917,1.5438145559238654,2.2206245064686048,1.2088789180888937,0.9941117895712299,1.6268812349008859,1.7432741800461509,1.7823914688141373,1.3786425356386804,1.0676423873051286,1.3566779892513146,1.5954503134770477,0.9070471061050981,2.3161845149028233,1.3289067663317407,2.103126417474048,2.383242586744448,0.9426832772429597,2.1374267957794477,1.7091270110772903,1.1533748590391246,1.5186660062830668,2.139394856315202,1.956731208731227,2.1556366814484003,2.3384636579378304,1.010929506964036,2.350406671012024,0.909626532318494],"y":[632.9051203534666,831.7295486604495,976.1371319099434,1213.1511075703766,1347.9950541391802,1562.5257378132792,1612.0295048889013,1667.4322978431107,1534.0442082505053,1687.597273620704,1653.2994969894482,1595.8742543821302,1558.7697330769706,1641.448341674211,1720.3088781649594,2210.3415285410856,3438.0648842412415,4148.6532144581415,3574.4445015156284,2257.5141091747887,1618.1660775896407,1245.2728526399128,996.0612123255879,766.5186547391526,609.4970716052,532.5018618091162,437.22743748544326,361.06160382291705,318.8596478524131,297.8187288711182,271.9130482743705],"y_error":[379.31942241764614,185.61493440292654,12.101442518253958,76.58323600391559,58.24734196839299,258.6369362064734,16.59247692448973,388.82823545188484,46.19388859685891,99.42203069464995,450.9216406430928,455.18781179842483,143.95101517097908,403.30877498831217,212.97442418946244,229.7986650055357,290.0876729149898,494.8725766607404,243.10058860120108,394.05669479476313,378.18488201382195,238.93412626526566,193.66907162126645,270.4574212006492,152.6883634475571,357.0679692836076,119.99593804358865,120.31976651206777,452.44979283407827,51.48099372141246,325.35495502120426]}