{"z":5.399999999999997,"x":[5,6,7,8,9,10,11,12,13,14,15,16,17,18,19,20,21,22,23,24,25,26,27,28,29,30,31,32,33,34,35],"x0":[31.999999999999986,38.39999999999998,44.799999999999976,51.199999999999974,57.59999999999997,63.99999999999997,70.39999999999996,76.79999999999995,83.19999999999996,89.59999999999995,95.99999999999996,102.39999999999995,108.79999999999994,115.19999999999995,121.59999999999994,127.99999999999994,134.39999999999992,140.79999999999993,147.19999999999993,153.5999999999999,159.99999999999991,166.39999999999992,172.79999999999993,179.1999999999999,185.5999999999999,191.99999999999991,198.3999999999999,204.7999999999999,211.1999999999999,217.59999999999988,223.9999999999999],"x_error":[2.1948795643923313,2.4782126418595354,1.29035265418058,2.3701756754337406,1.8243794525568013,1.6650773640732326,2.2382012762493275,1.8868199303516147,1.4466371334605577,1.0956168440366203,1.8594297173037797,1.7879380203269033,2.319700538882483,2.0922073941225166,1.0955690951845902,1.3864993160765855,2.2046458652491903,1.3338587352327538,1.105723106152292,1.417334817207498,1.6168888169480786,2.1612488469839963,1.8950476705659156,1.1213898709531063,1.9941254436031537,1.9185821889902737,2.1165584134028004,0.8564754222212881,1.5431194976681386,2.050126125395499,1.4075946705877016],"y":[675.216090335008,811.5409563586414,997.5930172882322,1221.139651579794,1451.7150177166814,1618.9271675928105,1675.5489617434341,1661.413222092064,1666.8305214385919,1624.616488079624,1684.3538783460558,1577.4734709770833,1612.836844510499,1614.9433581215762,1696.6670365129098,2228.9957728900445,3456.4322800476375,4369.092907412833,3492.2294447615127,2346.35706941322,1625.87339188302,1280.0165423226795,987.1550583723649,794.4314586232985,644.2158393953204,498.71845828564756,431.7400586082389,366.53759035839715,332.0823562458694,300.9986000456978,265.9933974556942],"y_error":[12.63494926844011,22.166769704415557,57.95574573585816,454.63311630073366,431.9410417945768,314.5239103865487,400.8495623877413,176.55093742514805,230.18615751287342,257.4523492792593,373.72596779030386,439.4766012071759,247.03646454298135,284.3475972611538,477.3723547184677,352.86824808936245,273.52719306771525,267.1242766996157,128.2741588969649,174.30434011445473,400.0624912512064,372.37949186451436,348.1221050617954,309.7120863450107,228.4335103710773,143.29335913716068,262.7731997369276,477.5189896269706,326.77995174243046,495.2639151906595,348.7412278360027]}