{"z":5.1999999999999975,"x":[5,6,7,8,9,10,11,12,13,14,15,16,17,18,19,20,21,22,23,24,25,26,27,28,29,30,31,32,33,34,35],"x0":[30.999999999999986,37.19999999999999,43.399999999999984,49.59999999999998,55.799999999999976,61.99999999999997,68.19999999999997,74.39999999999998,80.59999999999997,86.79999999999997,92.99999999999996,99.19999999999996,105.39999999999996,111.59999999999995,117.79999999999995,123.99999999999994,130.19999999999996,136.39999999999995,142.59999999999994,148.79999999999995,154.99999999999994,161.19999999999993,167.39999999999992,173.59999999999994,179.79999999999993,185.99999999999991,192.19999999999993,198.39999999999992,204.5999999999999,210.79999999999993,216.99999999999991],"x_error":[1.6976664436721403,0.8747576027983228,0.9443157316699657,2.3409404777505003,2.2299607537362056,0.9463770321362549,1.3327407863993204,2.1411613114740695,1.0320351343925918,1.560090909423261,0.9400282825105413,1.5233623889589167,1.3980352543560648,2.118440010924544,1.07233792526073,1.360650848079583,2.1864465266869364,1.5231731173711833,1.8310827397519205,2.295274074457073,1.0438248792681353,1.8313244214866264,2.1788199003731004,1.6401794305435544,0.8849923853441639,2.3565999809974625,2.018797365140962,1.1411653636720342,0.8778639223323277,2.423737902227724,1.4375743035221777],"y":[666.4843940151345,827.4307598369172,1016.869022812918,1190.2630399408933,1409.730127582839,1658.567010898977,1531.5331810609457,1641.069089043913,1544.5618225510664,1619.7918026314785,1643.94346018959,1605.5269403509512,1595.5953828401903,1572.8967008911425,1743.029620217816,2297.458435749013,3292.191653105108,4240.313460221681,3491.7500556828454,2263.7413070903485,1680.7618951127106,1237.0021586235719,1001.3659165693858,763.975921074964,598.9755774735359,488.4646320414454,446.6900828881821,364.98498152451634,318.58383510423613,284.21141637884057,249.1301897844996],"y_error":[130.16982132283428,56.83769326123844,208.3404783843411,475.2331089436699,317.4671073075921,465.9120289933325,9.730117625137868,8.854921673933202,203.46685693877342,425.67966630209554,182.4356868656193,425.62957794032144,206.1492756547977,167.9818570570024,99.40964295685662,89.19944085924392,358.18235021541665,390.87380909126125,210.78134064057352,412.98958303387525,482.8725046569181,113.30337037609561,373.5285070785637,395.2651208653213,455.7748204137931,281.1476394507698,78.63040615828798,456.3052239974984,44.18205271718767,101.40244961500566,246.04262542701872]}