{"z":5.699999999999996,"x":[5,6,7,8,9,10,11,12,13,14,15,16,17,18,19,20,21,22,23,24,25,26,27,28,29,30,31,32,33,34,35],"x0":[33.49999999999998,40.199999999999974,46.89999999999997,53.599999999999966,60.29999999999996,66.99999999999996,73.69999999999996,80.39999999999995,87.09999999999994,93.79999999999994,100.49999999999994,107.19999999999993,113.89999999999992,120.59999999999992,127.29999999999993,133.99999999999991,140.6999999999999,147.39999999999992,154.0999999999999,160.7999999999999,167.4999999999999,174.19999999999987,180.8999999999999,187.59999999999988,194.29999999999987,200.9999999999999,207.69999999999987,214.39999999999986,221.09999999999985,227.79999999999984,234.49999999999986],"x_error":[1.4848304343120047,1.887086421146702,2.0053260818505105,1.8081257123087866,2.2995592469868535,1.7082037708783062,1.4202629064202825,1.770708252239218,1.3946181490945504,1.016243755409689,2.410513279982444,2.4453501610819393,2.5335681909575554,1.6665476602001892,1.1957151941531996,2.5731288253615694,1.1033021879187028,2.2595639444157856,1.2092496611015453,2.017982673776598,2.0345780303716983,1.8076925730453124,1.1527382274092646,1.7236510072481743,0.992826690231188,0.946712797269298,2.3420770022048214,2.5029428176754474,2.1645469815022897,2.1764170299140835,2.57110351292401],"y":[670.4925127915205,797.661115197209,975.7190166322363,1193.5272036959059,1359.542786309608,1645.715665654192,1525.1903850655508,1618.2726225320264,1605.336853435381,1582.2582407711004,1695.7960828446983,1561.0645067267499,1629.4011193808144,1586.2765273836997,1665.6486782082957,2415.6776874235543,3664.4955636596706,4407.450416502056,3536.772211772294,2249.9108970479724,1759.2711296277023,1280.0348742077517,953.7394961219269,797.3411817803744,598.5270859268801,526.7469551953247,430.6182725656068,364.33327100222573,347.53158646374357,295.04548307993497,269.2164305470791],"y_error":[174.32544662105042,469.56784610019076,295.7341219882885,272.2588731894161,21.00658947766354,186.84320851506652,270.63571661017437,15.194822800243536,398.0081841733715,114.79234480639965,130.07817873616477,35.520041928998495,353.6931214924768,104.10703479206762,493.8049033441314,403.0036944392336,58.20728449202106,102.63913289843285,439.46789397318275,40.629372293349505,297.1049802899236,50.21349093900162,44.11355202135792,43.55186816241607,28.08755979196109,419.79270026972995,43.61193227878746,418.7707954134667,194.98340131559942,205.86477891878042,344.74287791988723]}