{"z":5.899999999999995,"x":[5,6,7,8,9,10,11,12,13,14,15,16,17,18,19,20,21,22,23,24,25,26,27,28,29,30,31,32,33,34,35],"x0":[34.49999999999997,41.39999999999997,48.29999999999997,55.19999999999996,62.09999999999995,68.99999999999994,75.89999999999995,82.79999999999994,89.69999999999993,96.59999999999994,103.49999999999993,110.39999999999992,117.29999999999991,124.1999999999999,131.0999999999999,137.9999999999999,144.8999999999999,151.7999999999999,158.69999999999987,165.59999999999988,172.4999999999999,179.39999999999986,186.29999999999987,193.19999999999987,200.09999999999985,206.99999999999986,213.89999999999984,220.79999999999984,227.69999999999985,234.59999999999982,241.49999999999983],"x_error":[1.9045366516950992,1.1569924096230682,2.507028148241926,1.286748471699714,2.280960285384359,1.9940395518938985,2.066726224397744,1.5945972650712001,1.0124815348725098,0.9123584025331885,1.7999252110107253,2.203955431542111,1.3267418916693636,1.0500073000759267,1.8708306367771608,1.4398205305360174,1.4456502493349617,1.8261359739342509,2.6496094465417297,1.8020669566048917,2.0395237476499877,1.211886534339139,2.0950335891930947,1.1183248208897743,2.1928072548935877,2.243406291014559,1.2152922900111702,1.0353849825860926,1.9507994235984074,2.0479363988104904,1.7241766612133098],"y":[663.0102675900005,802.4797258428879,968.6354780684691,1177.3236087071925,1399.1087801294118,1603.5234659767152,1666.3774941072734,1619.357247195726,1532.5771308780936,1662.5335533372438,1703.5670529498927,1663.2108953788293,1625.969014426293,1668.673832486453,1790.5065124146943,2338.186475154316,3532.4790600676474,4373.449691540175,3748.3929724919326,2411.9633014688307,1759.4975253888927,1314.3826602025865,993.0834633721657,791.783997428827,655.6764961597457,505.84066651261037,438.7734553697829,380.22342606391385,350.75952434879457,312.8714304997612,278.96058172056655],"y_error":[27.82603263283079,161.97388699720582,82.53142017990423,219.25378053631795,140.7832545438259,50.389655307321426,360.53561634630194,442.9227867095931,110.23511788360629,426.4061453068246,81.0725567020627,314.06869439374964,59.11812722770748,79.70008772740256,315.20990094021204,296.04501236298387,459.54500830831057,331.7432303449993,281.84001587050324,299.4516789703977,189.61962799543807,45.12267917586832,367.31104788444793,235.27740395770368,360.30104666083986,397.53103524568934,310.82933694908724,477.65574607486263,173.09923168254593,164.41505961244764,418.92533631757243]}