{"z":5.999999999999995,"x":[5,6,7,8,9,10,11,12,13,14,15,16,17,18,19,20,21,22,23,24,25,26,27,28,29,30,31,32,33,34,35],"x0":[34.99999999999997,41.99999999999997,48.999999999999964,55.99999999999996,62.99999999999995,69.99999999999994,76.99999999999994,83.99999999999994,90.99999999999993,97.99999999999993,104.99999999999991,111.99999999999991,118.99999999999991,125.9999999999999,132.9999999999999,139.9999999999999,146.9999999999999,153.9999999999999,160.9999999999999,167.9999999999999,174.99999999999986,181.99999999999986,188.99999999999986,195.99999999999986,202.99999999999986,209.99999999999983,216.99999999999983,223.99999999999983,230.99999999999983,237.99999999999983,244.9999999999998],"x_error":[1.5248978062484746,2.3519802154225724,2.6359901285304446,2.335163130635359,1.781863177209157,1.0861926558830712,1.9918712823783495,1.2100467702849058,1.263856784662266,1.0838733719237794,1.0310300369832945,2.6294765689756936,1.5745838759455837,2.030271515291245,1.6712590257634097,1.3860983559486155,2.2831488681277223,2.5376976897413597,2.405720467704957,1.3144156730008514,2.400715947856202,2.2359573094748546,1.1676420384532857,1.312324111939993,2.3715216217454858,1.283437199196091,1.9900446984008708,2.6036040632012583,2.426771240280903,1.155313695240255,2.1373629546807953],"y":[673.8451992060925,803.4724799053522,966.4585866397787,1193.2423505780887,1385.1064124496404,1588.063026929958,1559.2634181611452,1575.9629127093108,1541.2494283645717,1563.037429506516,1589.8787871162692,1606.1196619636469,1635.5370859174886,1603.3007715312028,1705.0534927120602,2348.794325120409,3891.553718085688,4444.8304297232735,3806.005025057194,2400.2302695955377,1640.3374688312485,1312.9968694977485,976.4530019216019,765.1490222951222,630.9862765454862,518.7300872909661,437.8304940365427,376.9450291497042,341.9476827298651,307.34090879980033,281.5554982584672],"y_error":[170.83264749639636,206.87633616782918,496.47901968154895,42.641968012214534,214.81725715752899,294.72571211213193,65.83487118737985,138.08375268297425,473.05408613819435,37.99805975261694,296.0174360339002,165.24862134323237,337.4496958738079,238.44942503929357,363.62602864154934,482.176495458182,353.79934167570684,38.94462064848236,100.43398051665898,167.07065447440473,125.46283911321477,499.59861731399155,335.4311632667348,422.40032837634425,358.02178194706414,46.74169255740346,328.7298104107251,220.54325400184104,221.95116640769385,472.87803593422797,185.51474001019452]}