{"z":5.4999999999999964,"x":[5,6,7,8,9,10,11,12,13,14,15,16,17,18,19,20,21,22,23,24,25,26,27,28,29,30,31,32,33,34,35],"x0":[32.499999999999986,38.99999999999998,45.49999999999997,51.99999999999997,58.49999999999997,64.99999999999997,71.49999999999996,77.99999999999996,84.49999999999996,90.99999999999994,97.49999999999994,103.99999999999994,110.49999999999994,116.99999999999994,123.49999999999993,129.99999999999994,136.49999999999991,142.99999999999991,149.49999999999991,155.99999999999991,162.49999999999991,168.99999999999991,175.49999999999991,181.9999999999999,188.4999999999999,194.9999999999999,201.4999999999999,207.9999999999999,214.4999999999999,220.9999999999999,227.4999999999999],"x_error":[2.3174949505366396,1.2280127018929603,2.3138592331861263,1.467666021900763,2.303549350267644,2.2587021508268563,1.006179409443116,2.243572094773854,1.183384373557716,2.3377324492849154,2.3546122936356255,2.0448418710788943,1.3739615094465303,2.460368597887787,2.4985773626037098,1.533499707977567,1.2325394881281033,1.6336251944734133,2.3136203745299335,1.9985178641833576,2.0586824677687217,1.4063408715742607,1.1376499976923162,1.1357346004178608,2.461054362339342,2.4671387409660372,1.1321191892835953,2.2502408831036007,0.9309927969219258,1.676451120350074,2.3927138936478487],"y":[643.8906120212338,789.2474507313734,975.8823156988965,1247.6400414410307,1350.7059436614336,1570.1019479669326,1569.239363405823,1575.6075049188014,1647.0907186806662,1696.9547800234664,1659.2551576631133,1569.2013331966607,1654.3599817660781,1615.791949565424,1667.2846448009986,2265.4113488229327,3562.334978757785,4463.886708253252,3589.1944264070717,2358.4223091126623,1704.5162803014243,1261.8543141120347,1005.8730733993015,762.582677734353,607.0848847529012,536.9396119205775,453.6788977144817,359.05832730544233,314.5264543685868,283.6717217031052,263.63471927468987],"y_error":[44.97219955907239,49.34993227261564,418.51078533176525,379.89682273734684,304.48523516285377,239.41207768871143,472.08667191846786,475.0142703043757,370.25843095209444,65.18700341214489,340.23607958949344,196.73680791466418,23.278639042968784,217.6880836826952,32.070604375125875,3.0988749434101015,348.56108658568866,406.55591426998905,186.31608719659764,253.74228103288155,274.4179559074298,258.573027569274,293.62443804606943,129.4335314189954,380.6368762037155,168.86286968904773,417.4029382725001,380.25005195278703,83.35234170303274,244.4226493185291,119.9233184883125]}