{"z":6.5999999999999925,"x":[5,6,7,8,9,10,11,12,13,14,15,16,17,18,19,20,21,22,23,24,25,26,27,28,29,30,31,32,33,34,35],"x0":[37.999999999999964,45.59999999999995,53.199999999999946,60.79999999999994,68.39999999999993,75.99999999999993,83.59999999999992,91.1999999999999,98.7999999999999,106.39999999999989,113.99999999999989,121.59999999999988,129.19999999999987,136.79999999999987,144.39999999999986,151.99999999999986,159.59999999999985,167.19999999999985,174.79999999999984,182.3999999999998,189.9999999999998,197.5999999999998,205.1999999999998,212.79999999999978,220.39999999999978,227.99999999999977,235.59999999999977,243.19999999999976,250.79999999999976,258.39999999999975,265.9999999999997],"x_error":[1.54042222361025,2.8497558838304107,1.4335060587924475,2.281604795057847,2.4723953879198777,2.270718576303303,2.580864864681691,2.562546382830169,1.0481895504456444,1.0691910131697477,2.416508051895976,2.335240055216407,1.9415510484810226,1.0202051331278486,1.8586260196908035,1.7199270866985645,2.026129671912452,1.195947865253148,2.623338386337719,1.7583990461606733,1.4799673344816502,1.4029701413406066,2.1072278368753317,2.806484375443284,1.2715576809411588,1.6072488873796298,1.2868671408228967,1.706599987436047,2.004306738798362,2.6717827718342915,1.784767229831596],"y":[646.9873213051644,848.5607553886596,1014.6192719372372,1178.966817390456,1448.2989023271057,1560.4696440372315,1637.5943641209105,1561.2129244449886,1574.0254582717894,1667.5234689081028,1648.8826467128904,1677.282307913829,1591.9603774165869,1649.7168092915952,1750.3555842375622,2525.998676749374,4082.0442099007023,4849.528926628609,3800.712503902715,2444.1246878889083,1724.0948167397923,1300.5685240328453,962.4414463099821,826.9230450509981,623.920950324653,532.6925077749864,462.76433905334267,388.0660478051189,364.11439207635317,326.09072597378787,298.63343399194287],"y_error":[56.84376840129557,436.73778684497154,251.3418351675012,308.1510520916555,371.7468761019973,303.8457464443536,489.17006693988185,232.4060851461033,495.78086085457215,376.2065357610391,2.2676131648017295,473.2378842265928,183.53561652212414,243.31973938426654,481.10198025725725,166.61130626090036,302.7590047854857,214.91298830766513,467.3442901817694,214.00928051666378,245.92941981920325,245.2491181699402,51.66495452514819,186.68229702461548,27.744370472327475,160.3010901476558,110.16871880414791,372.9010719308772,103.380602416015,40.96475964956514,190.3718862298718]}