{"z":6.399999999999993,"x":[5,6,7,8,9,10,11,12,13,14,15,16,17,18,19,20,21,22,23,24,25,26,27,28,29,30,31,32,33,34,35],"x0":[36.999999999999964,44.39999999999996,51.799999999999955,59.199999999999946,66.59999999999994,73.99999999999993,81.39999999999992,88.79999999999993,96.19999999999992,103.59999999999991,110.9999999999999,118.39999999999989,125.79999999999988,133.19999999999987,140.59999999999988,147.99999999999986,155.39999999999986,162.79999999999984,170.19999999999985,177.59999999999985,184.99999999999983,192.39999999999984,199.7999999999998,207.19999999999982,214.5999999999998,221.9999999999998,229.39999999999978,236.79999999999978,244.1999999999998,251.59999999999977,258.9999999999998],"x_error":[2.7954601317354557,1.950718740327291,2.691130635951174,1.2808869530459213,1.1560314543536963,1.8629221746665672,1.75018296087819,2.1594046564427805,1.8308489347128785,1.8766146827790102,2.726334906385281,2.042647456544187,0.9629584969004742,1.490208163781581,1.016189672501426,2.661456682052301,1.1544763586558964,1.815857045738645,1.6840625418549102,1.0104985001448106,2.0180989391193576,2.670533899003993,2.213909749709488,1.4236491884808977,2.6789710000716744,1.127601729195971,1.975587859535741,2.486372656217836,2.2172011066482202,2.275985585163273,1.0089621934504946],"y":[631.7329853977462,837.8501587677138,970.6429726301395,1215.373741567423,1329.3671414147163,1532.769084712423,1630.9092857767434,1598.033617799317,1620.3472443758737,1575.0411497264947,1671.9834506622967,1677.932841382537,1555.765922710301,1561.0563883145162,1692.6909392920084,2433.771070843558,3936.7358776838732,4979.293057665657,3728.4620928533677,2445.315779151238,1677.2683297658698,1279.1143680769983,1024.7017679322348,783.6264782748327,640.3426267383135,540.0672250339405,442.40678847171137,394.5035261631787,352.2888072637619,318.2237209109882,277.6078454745918],"y_error":[309.41560458608984,176.9181219509901,312.2487051251329,152.8071461076267,444.6580527090999,479.54150104546346,415.4068088650663,450.88504439281274,95.1749092933234,251.67675845573746,6.454807516383609,469.50205880341,93.47128052431076,243.38767750739189,174.64429377006962,445.4114888752593,340.0626227911986,185.38976204128465,447.04425802534433,40.24318944996841,420.9831450019657,247.2221100491645,321.8917282850587,422.41650868850076,357.8159687418675,187.22577035932053,401.65711317410256,206.24327563831747,266.1604984831096,265.2496337106941,233.34744408354703]}