{"z":6.999999999999991,"x":[5,6,7,8,9,10,11,12,13,14,15,16,17,18,19,20,21,22,23,24,25,26,27,28,29,30,31,32,33,34,35],"x0":[39.99999999999996,47.99999999999994,55.999999999999936,63.99999999999993,71.99999999999991,79.99999999999991,87.9999999999999,95.99999999999989,103.99999999999989,111.99999999999987,119.99999999999987,127.99999999999986,135.99999999999986,143.99999999999983,151.99999999999983,159.99999999999983,167.9999999999998,175.9999999999998,183.9999999999998,191.99999999999977,199.99999999999977,207.99999999999977,215.99999999999977,223.99999999999974,231.99999999999974,239.99999999999974,247.99999999999972,255.99999999999972,263.9999999999997,271.9999999999997,279.9999999999997],"x_error":[2.0140493009703913,1.882340458374283,2.0075682269355206,1.808950565336086,1.7752836982263498,1.0876357699759525,1.2100206491672034,1.9645484486828853,1.1713014733782352,1.6389160746014246,2.231079304303748,2.401697277290496,2.906493629304314,2.6851746001003347,1.2427282898192817,1.9906768113594104,1.8633709096940243,2.082989121626786,1.6826942519342518,2.5309462910050557,2.7976404303256635,2.8274235241334766,1.3159640203287333,2.553979642166026,2.9960041212768105,1.665094715266831,2.7216461803852923,2.182331351715481,1.3771146492114696,2.5938788457697717,1.0152339913843735],"y":[632.0099707255984,854.1439483841725,1014.2253699828605,1188.0265249613951,1395.0979804062679,1635.8292756256908,1621.4671873142192,1635.5867518739435,1571.2285040220336,1613.9953517489755,1674.545939576741,1569.0904712643264,1557.5862152612033,1611.9229194418087,1691.3120992912552,2533.913897104277,4111.432839578756,5266.813978586458,4014.1853056869927,2548.7121480442747,1665.6885693335469,1284.7211412010504,963.9541843968839,821.2390927310419,629.2859936757768,562.2737188103182,485.39201427394346,389.70707265829446,344.7762850479938,320.00211731633124,308.36511256011255],"y_error":[368.67267863476275,142.02600779063502,252.96446446917486,286.8812297977601,97.3149022810188,133.7602081014092,292.852275160799,337.4138170160139,280.5835433769164,45.71552295346637,53.98199041101881,126.79048164969787,50.16596682832619,34.42128208775641,457.10133812995855,63.85701036846947,75.21712319639906,96.79914818541513,380.7574412784176,498.6038832470865,223.1071769858467,271.79913023820876,148.2181369657106,366.55184519503524,402.2537017552703,249.2384337279301,323.25369676416716,235.78814478693866,124.80329789003319,253.5722717976393,438.7549382137684]}