{"z":6.499999999999993,"x":[5,6,7,8,9,10,11,12,13,14,15,16,17,18,19,20,21,22,23,24,25,26,27,28,29,30,31,32,33,34,35],"x0":[37.499999999999964,44.99999999999996,52.49999999999995,59.99999999999994,67.49999999999994,74.99999999999993,82.49999999999991,89.99999999999991,97.49999999999991,104.9999999999999,112.49999999999989,119.99999999999989,127.49999999999989,134.9999999999999,142.49999999999986,149.99999999999986,157.49999999999986,164.99999999999983,172.49999999999983,179.99999999999983,187.49999999999983,194.99999999999983,202.4999999999998,209.9999999999998,217.4999999999998,224.99999999999977,232.49999999999977,239.99999999999977,247.49999999999977,254.99999999999977,262.4999999999998],"x_error":[2.2030793018297063,1.4135881157188404,2.3319491780787427,2.1095717289032354,2.210103948965414,1.0506315969489548,2.570170871678635,1.2818437416811954,1.3730144416095444,2.1119930882053994,1.3729842736821407,2.221834827990374,1.7574068183444975,1.3631856063687386,0.9794074007775515,1.7632158835497465,2.1100077029911652,1.8541617524183438,2.280618505997581,2.148120796826321,2.2627363573998096,2.4558569106885235,1.055026836610153,1.473160311029503,2.550413285174561,2.642959734689076,1.57566225189446,1.4342365612638928,2.1862626117611654,1.9512198116847035,2.777016984343543],"y":[651.5600523979822,856.1235012123213,970.1715265404406,1212.0038077905358,1357.4055981488877,1571.0054575778895,1663.5689429551376,1574.6655056084405,1670.452240909368,1618.095749498233,1583.9121254940544,1700.1907186563074,1642.966141976539,1632.8248255702376,1690.8861289813365,2565.809602207092,3779.6549430867562,4977.456225856463,3996.1784160626266,2429.865118729649,1659.2259172207375,1315.030495411315,1019.3479661598006,761.8581360988968,648.5089610264608,554.5258549784785,441.2715248456413,411.912330955595,337.7843789768624,299.422443465318,291.3593305230184],"y_error":[383.78640772997306,73.21884406910229,173.82411518735685,375.87581527030653,79.66886094768132,191.352041729265,75.99159699272262,338.73766160069465,28.54249000120712,219.7512880533967,95.84911518072347,413.9417750703375,126.02738346853826,114.47284601571039,15.968766579781635,366.90679411736215,303.2986020549175,357.9978700378703,9.779880059124224,397.25091894661324,142.52582346388698,366.09901323052554,138.74946267073074,292.75807217290105,276.9095523192047,220.5665355553511,263.45339319429706,413.41472548643054,457.24336787283204,454.3419371323425,387.1764998763828]}