{"z":6.299999999999994,"x":[5,6,7,8,9,10,11,12,13,14,15,16,17,18,19,20,21,22,23,24,25,26,27,28,29,30,31,32,33,34,35],"x0":[36.49999999999997,43.79999999999996,51.09999999999995,58.39999999999995,65.69999999999995,72.99999999999994,80.29999999999993,87.59999999999992,94.89999999999992,102.1999999999999,109.4999999999999,116.7999999999999,124.0999999999999,131.3999999999999,138.69999999999987,145.9999999999999,153.29999999999987,160.59999999999985,167.89999999999986,175.19999999999985,182.49999999999983,189.79999999999984,197.09999999999982,204.3999999999998,211.69999999999982,218.9999999999998,226.2999999999998,233.5999999999998,240.89999999999978,248.1999999999998,255.49999999999977],"x_error":[0.9903812093698955,1.591352839868517,1.588383194377737,2.4724681155069392,2.604319558189231,2.490177645712247,2.103987254644434,1.6011803286894488,2.56698560341916,1.0801629747916603,2.72507478731608,1.0963492778297002,1.8209196840744628,1.1932574611891376,1.2779412297049138,1.467720830257701,2.0968839806119854,0.9557607094593309,2.0023928108965547,1.918848745190437,2.124510556972406,2.75208514452215,2.04847781998582,1.9623757175579477,1.1878206422611053,2.2720643709736974,1.9068689389202615,2.439377040210286,2.39148984869684,1.2607005520315469,1.6235645620196522],"y":[653.5819748383446,792.9485403088511,967.4485975088608,1156.3608167489951,1369.403706417899,1620.417836228226,1533.4409003286578,1564.397309409982,1570.8763096149132,1649.2602873250535,1680.2495409870621,1635.0703427446758,1632.071326656441,1601.7055044539607,1719.966712567127,2452.8210070324485,3991.535138845511,4894.903394819277,3830.0577264393055,2320.1453484794006,1686.4482361051203,1226.3621035611072,1006.7072755255776,757.8088641076642,622.6542304350627,531.5625214883044,436.629063488175,400.8582369724984,331.8124377465628,303.17734077285746,269.9308224305173],"y_error":[258.1007970456256,41.47437403064402,448.61736629586636,17.66258327406134,325.21297275535164,241.1327857961081,139.03418808377987,129.80988579222108,169.90508596496957,224.30315016792247,54.275765985984826,471.09649148336183,218.97045404065528,150.41296467623178,409.00301478428213,258.7354239245074,250.20240737149956,295.53989022996296,86.77531665886373,304.02297540096333,348.44571483162656,159.90051442526877,196.78947503498355,415.8233334248843,135.88899134285626,374.9903548841859,204.11286198625876,13.31668013778209,117.82940151544719,163.8363249140461,477.9844645055907]}