{"z":6.199999999999994,"x":[5,6,7,8,9,10,11,12,13,14,15,16,17,18,19,20,21,22,23,24,25,26,27,28,29,30,31,32,33,34,35],"x0":[35.99999999999997,43.19999999999996,50.399999999999956,57.59999999999995,64.79999999999994,71.99999999999994,79.19999999999993,86.39999999999992,93.59999999999992,100.79999999999991,107.99999999999991,115.1999999999999,122.39999999999989,129.59999999999988,136.7999999999999,143.9999999999999,151.19999999999987,158.39999999999986,165.59999999999985,172.79999999999984,179.99999999999986,187.19999999999985,194.39999999999984,201.59999999999982,208.7999999999998,215.99999999999983,223.19999999999982,230.3999999999998,237.5999999999998,244.79999999999978,251.9999999999998],"x_error":[2.653693891686152,2.53320745849111,1.828421964505272,2.6618185971069828,1.0451514257259031,0.9892184932654146,1.210679010178554,1.3813957766929197,2.1826856418813523,2.505569825973309,2.586727374743404,1.2439363099540632,2.6232355157723655,2.687793614217511,2.612505109632013,1.4745529414785206,1.698297320900217,1.7286427341577542,2.4513901818737467,2.648557851035113,2.4008498110706853,1.1524571295446475,1.7352521066951467,1.5610342857959587,1.3359155996626648,2.4859936106452563,2.432959361224695,1.7980586835470618,1.8950071841039167,2.285889588030571,2.64635638345773],"y":[658.6872709954583,844.552212746562,1026.7756065103588,1192.6164652001369,1454.250895511299,1596.0172925323886,1589.387415411377,1534.4607021964857,1574.8848600262954,1632.3609346956134,1616.1633668148288,1620.2846888693384,1589.1042058235457,1660.4413043542945,1724.1757455016734,2316.6116476278125,3960.589878931172,4701.969428393022,3947.1552303000394,2517.4292054070233,1765.7700060673187,1322.1892001115064,1016.7469817271766,794.1269913476509,616.6876673212828,548.2414594695405,463.4135308769936,378.71986319476207,341.35760096728893,315.5699124455255,280.8522389950945],"y_error":[218.0395851128104,385.9890847229054,422.30721987498663,68.59417225332042,327.0262098612012,17.655405560957792,282.4388889115174,478.95738032127366,466.45096210764814,360.4612730897658,456.29076654047,425.11716688050285,453.13303736390486,8.774233479862392,373.4889820393876,324.01198862069504,29.45858747277419,377.3122084954313,73.30828432434089,127.36860792369265,120.28523375275446,114.33942759594784,270.8137365304375,331.94757109593655,453.915583721593,293.32130209924037,158.03719652816062,403.42641069764284,472.5867173556451,496.90537179545225,229.9066470394221]}