{"z":6.8999999999999915,"x":[5,6,7,8,9,10,11,12,13,14,15,16,17,18,19,20,21,22,23,24,25,26,27,28,29,30,31,32,33,34,35],"x0":[39.49999999999996,47.39999999999995,55.29999999999994,63.19999999999993,71.09999999999992,78.99999999999991,86.8999999999999,94.7999999999999,102.69999999999989,110.59999999999988,118.49999999999987,126.39999999999986,134.29999999999984,142.19999999999985,150.09999999999985,157.99999999999983,165.8999999999998,173.7999999999998,181.69999999999982,189.5999999999998,197.49999999999977,205.39999999999978,213.29999999999978,221.19999999999976,229.09999999999974,236.99999999999974,244.89999999999975,252.79999999999973,260.6999999999997,268.5999999999997,276.4999999999997],"x_error":[1.1562216966312167,2.003669903943756,1.3911878110612386,1.4299264566125003,2.7333891907322596,2.9531299473180814,2.4939405492742663,1.4142694703676209,2.3629129952139643,1.3344397197805005,1.8517126983059957,2.078484833688716,2.851140178495718,2.9103403047855876,2.0033755591208715,2.272893631632464,2.0838390050067925,1.6133622228383562,2.4316278315785205,2.137974395620394,1.812662299696831,1.1565699247310777,1.1427299307044085,1.3082839255353758,2.529486649183016,2.819528548776665,1.1176181860393095,1.8100228024222809,1.8695302494284194,1.2813120532353013,2.3585724700309716],"y":[684.9839747560895,853.3596164537889,1033.824402984413,1221.295170004461,1428.1904297938345,1647.1971994586447,1640.389860406136,1534.0821554759107,1664.4928433186064,1555.7923949600404,1628.4508795151673,1613.495907229655,1542.178600965382,1574.4857423784708,1692.0866243884677,2446.082898161964,4062.9917567890066,5012.09367419853,4003.605026536826,2498.596065125371,1733.1126748360332,1316.9685964821454,1009.4398278628826,831.9966281003994,676.1917161957971,532.6505761704934,484.5746509663091,395.7565601928132,348.32285690881474,325.337153813549,295.99705096109466],"y_error":[345.42450510503863,484.44067349129284,149.74582299393867,495.347993737587,264.18991164838104,189.8533170842125,444.95475423808784,180.16641560454894,417.4450287435878,56.19738000699459,400.7459888965076,5.127002320571172,179.11717766746892,225.81405437900148,391.5869519904358,240.50013738586463,296.25214006480047,352.1776406236053,334.0542635339866,389.4992378099842,339.6338078901704,325.6437061818174,430.2285814413274,464.75968301175044,390.7220349053644,428.24065655624787,331.30989850868855,139.2295485511913,293.30250452370353,202.80317745993904,461.0981414835793]}