{"z":6.799999999999992,"x":[5,6,7,8,9,10,11,12,13,14,15,16,17,18,19,20,21,22,23,24,25,26,27,28,29,30,31,32,33,34,35],"x0":[38.99999999999996,46.799999999999955,54.599999999999945,62.399999999999935,70.19999999999993,77.99999999999991,85.79999999999991,93.59999999999991,101.39999999999989,109.19999999999989,116.99999999999987,124.79999999999987,132.59999999999985,140.39999999999986,148.19999999999985,155.99999999999983,163.79999999999984,171.59999999999982,179.3999999999998,187.19999999999982,194.9999999999998,202.79999999999978,210.59999999999977,218.39999999999978,226.19999999999976,233.99999999999974,241.79999999999976,249.59999999999974,257.39999999999975,265.1999999999997,272.9999999999997],"x_error":[2.661387456993559,2.6407309197839743,2.3518455779833345,2.3277308133229164,1.618976613912602,2.058099309766985,2.77543506704167,1.6168522417046745,2.1102181962785838,2.758376487930514,1.1668197874653368,1.8598118449935788,2.701163402140529,1.7244186104260035,2.1459304472253504,1.6178906896823146,2.31749659280346,2.5161641797845733,0.9902778995724779,2.7406347295127995,2.774128226590479,2.7454371148982353,1.5484011582800088,1.3289777314148756,1.2043138910451627,1.2004777500033907,1.4565371332182446,2.7123842186210823,1.5020272739319767,2.8553362217480736,2.288936057125756],"y":[632.0035391702246,843.1051845296723,1026.0971338480383,1165.3041122595753,1384.387743129286,1602.7447525975538,1595.361334466028,1555.7047819075808,1651.2160877684632,1634.0691613245708,1659.7897022586117,1657.6963755966233,1634.8953778800978,1543.6705658348014,1796.5158273824393,2423.4101100221924,3958.3796532050205,4861.4275261708,4042.852191704455,2562.297763104464,1669.42988633875,1311.9957518384874,973.0757472045009,778.2310332899034,641.9503881540154,538.1907517817959,450.51046252504995,398.35851467097575,347.04853105162806,312.92193416234284,280.3196289849209],"y_error":[450.9434516500632,392.23964203333907,255.71201296141567,215.17712717886994,419.4510118151239,4.19454155456489,339.32503903262125,448.1392677217817,457.6324602825589,331.8785221415056,74.87531889919275,207.07362278358087,65.11112605731707,429.5623639446247,244.28317534266662,17.12417585966408,84.07338682195797,129.44086676892542,133.65681030259168,281.53208411482456,9.997356992609285,9.018157060307841,368.1871139009346,403.0558742233856,458.50489105151115,100.21710950586105,17.165351956487164,112.0086318982284,310.4330709628379,254.7761289992567,1.473671816907829]}