{"z":6.099999999999994,"x":[5,6,7,8,9,10,11,12,13,14,15,16,17,18,19,20,21,22,23,24,25,26,27,28,29,30,31,32,33,34,35],"x0":[35.49999999999997,42.599999999999966,49.69999999999996,56.799999999999955,63.89999999999995,70.99999999999994,78.09999999999994,85.19999999999993,92.29999999999993,99.39999999999992,106.49999999999991,113.59999999999991,120.6999999999999,127.7999999999999,134.8999999999999,141.9999999999999,149.09999999999988,156.19999999999987,163.29999999999987,170.39999999999986,177.49999999999986,184.59999999999985,191.69999999999985,198.79999999999984,205.89999999999984,212.99999999999983,220.09999999999982,227.19999999999982,234.2999999999998,241.3999999999998,248.4999999999998],"x_error":[1.9324719131431762,2.490323949982295,1.0697080220455042,1.0903827772777563,2.6935802826147035,1.0343717438995645,2.243335057418637,1.9008214377614137,1.0697112482395108,1.461898823086284,1.6050058928617252,2.3054437173101188,2.678364467941281,1.2025895923571626,1.9299992602602134,2.43534071470536,1.7724382916295833,2.5796465839512073,1.9693365844327442,1.8786879182206584,1.1024593001528566,1.6642290058345957,1.910197806766797,1.658891412225668,1.4963099229527674,2.0290582468730727,2.351108155286927,2.3280537901327385,2.0385967002589527,1.650078429478266,0.9394389801128834],"y":[677.45576037783,838.6896976527679,1044.1313060189077,1214.6095557100416,1389.7414784476246,1555.0262039522217,1559.892531367401,1536.6132861786289,1538.2743970800025,1678.7506287385997,1668.7468363045766,1647.4566065275314,1673.5306469923348,1656.615416590483,1694.99386010454,2458.745018318428,3929.1522705761467,4599.324466367704,3842.5827384279983,2408.8636656354656,1713.1319448209085,1284.513371750125,957.7785737492867,763.695194103099,611.5248762350517,516.1597803675346,436.65514232251235,392.46965792168845,341.675032482885,293.9910743031541,274.3379756731026],"y_error":[471.92387150837,195.32674541972372,420.23731827139966,113.04041994362912,337.9215755970167,84.46042236237861,117.32958121203151,464.24293392720404,299.4636467051527,61.78399437379723,491.663246716036,362.821481622293,477.55978791463684,338.03879477116016,136.14971100887786,374.53778632800214,205.96853341229115,34.08073069722395,196.01625864351234,420.5496689512901,445.7983577608515,142.1611596930694,147.9559483034406,61.263329426141986,148.9629803343303,251.11630699658093,305.8026333227678,16.69204713440797,434.32744091258644,341.17582260389065,473.2171004934896]}