{"z":6.699999999999992,"x":[5,6,7,8,9,10,11,12,13,14,15,16,17,18,19,20,21,22,23,24,25,26,27,28,29,30,31,32,33,34,35],"x0":[38.49999999999996,46.19999999999995,53.89999999999995,61.59999999999994,69.29999999999993,76.99999999999991,84.69999999999992,92.3999999999999,100.0999999999999,107.7999999999999,115.49999999999989,123.19999999999987,130.89999999999986,138.59999999999985,146.29999999999984,153.99999999999983,161.69999999999985,169.39999999999984,177.09999999999982,184.7999999999998,192.4999999999998,200.1999999999998,207.89999999999978,215.5999999999998,223.29999999999978,230.99999999999977,238.69999999999976,246.39999999999975,254.09999999999974,261.7999999999997,269.4999999999997],"x_error":[2.6984948662841393,1.7349359285592727,2.841555308663712,2.111284176702584,1.5684748784291962,2.867113366031834,1.917352994479923,1.3441092633568708,2.8184886709144497,1.1596459680846711,2.5644814453798297,1.0134758863038345,1.0863529063123067,1.021511279604876,2.3391694872365103,2.1380629640916746,2.657149443633095,2.902863762536115,2.1706061617354204,1.5713014114211177,2.520617657274701,2.382700340400847,2.3433089236994102,1.2438467608956272,2.427368006270855,2.4485928701015363,2.234292868900007,2.8376663660497954,1.7588956296371028,1.0412444096267253,2.418600838786066],"y":[653.5105027032009,860.0293426294245,989.7614351843117,1139.0480488659516,1368.5331475451426,1597.7621378679955,1649.4676951740014,1627.8907213795749,1612.08859239847,1702.0978192948105,1601.4188489809587,1587.4319727110064,1673.226841387014,1622.6238540570182,1694.1806152955442,2550.2577159319094,4211.234456572167,4853.741711109966,4182.511521533114,2577.580873261694,1660.6861586032737,1318.553247865668,1020.0162227227531,796.4873086588346,655.212142992025,563.0818244034282,478.83458624749153,395.7376047313594,339.37220350159754,303.67242262772214,283.5580791772535],"y_error":[284.00825390559123,49.40776651057877,154.29757701547575,214.43904831648285,356.95508588845706,45.648503196806466,163.31350477451988,68.74223983403294,37.96055255255371,427.510614215002,489.73972797326405,3.8234073806147073,131.27301458395712,381.4188543568919,318.94267424953506,397.2069424013548,388.6097480764705,74.77671929545238,296.204535078316,238.8506409877421,396.00116925647853,7.631641669010425,340.06383437769273,206.25130935241364,431.0034576710772,362.29449796818267,180.60876281573923,342.6900679360557,157.3254250700914,445.7558458120873,321.1264053498908]}