{"z":7.999999999999988,"x":[5,6,7,8,9,10,11,12,13,14,15,16,17,18,19,20,21,22,23,24,25,26,27,28,29,30,31,32,33,34,35],"x0":[44.999999999999936,53.99999999999993,62.999999999999915,71.9999999999999,80.99999999999989,89.99999999999987,98.99999999999986,107.99999999999986,116.99999999999984,125.99999999999983,134.9999999999998,143.9999999999998,152.9999999999998,161.99999999999977,170.99999999999977,179.99999999999974,188.99999999999974,197.99999999999972,206.99999999999972,215.99999999999972,224.9999999999997,233.9999999999997,242.99999999999966,251.99999999999966,260.99999999999966,269.9999999999996,278.9999999999996,287.9999999999996,296.9999999999996,305.9999999999996,314.99999999999955],"x_error":[1.5311235910984788,1.9639959955757818,1.947588282465682,1.8344171662805078,2.8541459755716003,1.770944768396927,2.6347339651217263,3.0590511405771776,1.4428128026128082,1.8040430175095767,3.1739005998644583,2.3439448371568963,1.2448520628155446,2.82498925044318,2.208472676465761,1.501226578332206,3.192717743628015,2.5570220712773595,1.4319310987571205,1.4333410572726808,2.6756587950199324,3.260485591793309,2.8146976948667253,1.8642881226385306,2.783854507890811,2.4614364203079466,2.231519998248684,1.8001273941206641,2.066976165191895,1.8814121791837155,3.1425720830943553],"y":[629.2479712522742,821.4334248410956,1050.8686083545958,1203.220254040454,1377.4717977174712,1554.432241405314,1647.553333273462,1676.6055886900456,1648.818970611016,1693.0554022126626,1595.290201413054,1611.6417479811132,1559.6942575509295,1607.1483216388217,1791.497813654915,2626.349862729923,4521.733076555166,5984.324854577538,4487.569175632671,2803.563410702419,1706.6855269053372,1365.380749043102,1028.193423747678,836.2444254039385,681.055157602512,587.4559902125931,501.9243118266128,445.4272042771354,365.4192045452416,356.4045031997381,307.44105041706996],"y_error":[404.92959145858384,378.7068206324502,350.8921109888239,470.8513327338195,112.50290161350985,330.7675350958429,443.06382213351225,336.81988155932197,453.3945113740326,339.9340459973361,79.526092536076,151.6080971665651,190.56999793463714,312.4679746016912,107.26158519098273,345.22343282903114,230.2452297382639,435.7688488079582,44.2046961670779,170.88083148810063,225.13593421301024,469.9576396150709,361.8127840787025,352.54836015598147,83.47011520725967,367.7284797841227,145.6038869134093,370.38471070361857,59.724921764197525,216.2997605135688,489.95438472946273]}