{"z":7.499999999999989,"x":[5,6,7,8,9,10,11,12,13,14,15,16,17,18,19,20,21,22,23,24,25,26,27,28,29,30,31,32,33,34,35],"x0":[42.49999999999994,50.999999999999936,59.49999999999993,67.99999999999991,76.4999999999999,84.99999999999989,93.49999999999989,101.99999999999987,110.49999999999986,118.99999999999986,127.49999999999984,135.99999999999983,144.49999999999983,152.9999999999998,161.4999999999998,169.99999999999977,178.49999999999977,186.99999999999977,195.49999999999974,203.99999999999974,212.49999999999974,220.99999999999972,229.49999999999972,237.99999999999972,246.4999999999997,254.9999999999997,263.49999999999966,271.99999999999966,280.49999999999966,288.99999999999966,297.4999999999996],"x_error":[2.3483270843096857,2.6762818676536537,2.4302672871123656,1.1622475764316809,1.2632561496263572,2.1258897593568964,1.984972230058875,1.7478858800580122,2.9841838239529044,1.4778225946593948,2.3407926258091134,2.5593504965640075,2.1272346012779826,2.287936786556946,1.3718567984584946,1.6383589174084328,3.079711073185795,1.126394036045073,2.7581270906316413,3.100417538591932,2.870501685464909,2.1118414708222764,3.01209239648274,1.3968439529087988,2.2967336388686252,2.603111565995678,2.0323060349707873,1.9521656716447706,1.4041112906383644,1.467265504836309,1.7217210520898167],"y":[674.0822020760178,828.9150427400045,995.1670870956754,1172.092374431038,1408.4345115557312,1620.5736168431342,1580.8895403421036,1655.6704453123705,1649.524225051363,1569.3204280699874,1654.2378926220845,1677.8842364189313,1595.0469430403914,1530.3380560917258,1741.1968659679712,2658.2539381291353,4316.773531406675,5192.026431884384,4228.543943393194,2697.661222259425,1666.1595867092449,1361.1850045451454,1008.4895034516825,773.4940295949137,675.6843292115915,539.5055418066247,477.13637754758696,414.3489334390218,374.3268518821181,333.04526392643,316.71903878700016],"y_error":[447.6554572256546,114.46332971349848,247.05908490341244,411.4374946967797,495.5432627193335,284.66854961898144,391.7946603457473,211.55316872478647,256.60795897028186,348.38714390670276,117.46800250789968,476.2071067617818,264.2175724488982,193.38453365126242,98.39933136196477,391.23073806457865,251.99910885610876,116.67278105397693,452.0294288619978,321.38606725512966,465.65256584194526,238.31309026239643,285.7735767598196,424.3947381900952,379.5532903880199,0.3289643696894329,170.51914827786584,33.18198202057299,142.9011259688422,172.16157958574885,358.1641107871567]}