{"z":7.19999999999999,"x":[5,6,7,8,9,10,11,12,13,14,15,16,17,18,19,20,21,22,23,24,25,26,27,28,29,30,31,32,33,34,35],"x0":[40.99999999999995,49.199999999999946,57.399999999999935,65.59999999999992,73.79999999999991,81.9999999999999,90.19999999999989,98.39999999999989,106.59999999999988,114.79999999999987,122.99999999999986,131.19999999999985,139.39999999999984,147.59999999999982,155.7999999999998,163.9999999999998,172.1999999999998,180.39999999999978,188.59999999999977,196.79999999999978,204.99999999999977,213.19999999999976,221.39999999999975,229.59999999999974,237.79999999999973,245.99999999999972,254.1999999999997,262.3999999999997,270.5999999999997,278.79999999999967,286.99999999999966],"x_error":[3.05816873805845,2.941253523474188,2.2070858750995423,1.2917318169446685,1.330577353026786,1.6747607626455847,2.9567422202272535,2.1181919391415613,1.429210508664915,1.8293151972107586,2.4016352851110465,2.9588479036256343,2.1104162017212227,1.5240052636949346,1.67457388773481,1.5213129554958746,2.3986756449236326,1.6333104059612997,2.303498716012763,1.9185893073339053,1.2265388674200353,2.9038539197814206,1.9201310901207247,1.6447401810952438,1.985392064838421,2.867244311534342,1.1737808619455898,1.4352623289766002,2.4953317240053834,2.9919763486959425,2.956962111977],"y":[682.8604013091378,786.736820856373,980.7689440152412,1201.2971753284696,1327.2402185135243,1585.6251397533533,1648.66166424181,1595.7780845515529,1600.1751914732858,1592.5226517734031,1586.1698974220014,1613.2370904060883,1530.3749210608064,1543.0363398196534,1829.1871824198906,2613.5060366309494,4108.713433427973,5139.789762813237,4055.208786395708,2594.0799107409925,1813.1579468711666,1257.7989045594984,998.547560642516,835.9014611967259,665.383863843789,568.7132612074391,455.2027537460737,420.43291578437965,350.8308449819555,342.4752333459262,312.29478726682186],"y_error":[35.0002111786325,232.34656945470755,2.0116805337204724,48.89985522533191,63.23469999055354,286.74987976577614,228.64256976785603,330.1595632898316,26.4373909624942,96.63758193502159,102.50669916475242,137.38478797946806,287.06627358672534,379.34208441981485,305.2209495860798,265.2594953951389,106.15761154598002,398.7182671396917,167.3906854800895,116.3934250428732,341.58550221006755,318.96812986463,188.7833729885592,147.10131490505873,287.81978614814574,450.5709555783718,104.08216370082013,189.20967036571201,37.79091102765841,364.428984276933,430.3468143562171]}