{"z":7.799999999999988,"x":[5,6,7,8,9,10,11,12,13,14,15,16,17,18,19,20,21,22,23,24,25,26,27,28,29,30,31,32,33,34,35],"x0":[43.99999999999994,52.799999999999926,61.599999999999916,70.3999999999999,79.19999999999989,87.99999999999989,96.79999999999987,105.59999999999985,114.39999999999985,123.19999999999983,131.99999999999983,140.7999999999998,149.5999999999998,158.39999999999978,167.1999999999998,175.99999999999977,184.79999999999976,193.59999999999974,202.39999999999972,211.1999999999997,219.99999999999972,228.7999999999997,237.59999999999968,246.39999999999966,255.19999999999965,263.99999999999966,272.7999999999996,281.5999999999996,290.39999999999964,299.1999999999996,307.9999999999996],"x_error":[2.6360632505913504,2.8804377398599748,1.831307825914941,1.378063206493013,2.915017110882893,2.968890762366638,2.621661821081226,1.6393199305510446,2.719715707453596,1.83543636272189,2.844134863742726,2.460846820444603,2.3991743202025804,1.850670248192794,1.3450607473618774,1.313089638558144,2.2660786283522407,3.019573260405206,1.8600897750127023,1.5845584082351536,1.6655122726152882,1.3682745624226644,3.068020676151046,1.7123967823585913,2.5272248950063103,1.1957702157563932,1.8750021091331464,3.0436722731303494,2.155711930311935,1.261399429199282,2.039367827615481],"y":[683.0450341576428,840.9874466930514,976.5445296266862,1160.938631506388,1382.84007260471,1655.5991258868398,1611.560783586262,1660.7035180245537,1626.9177877612203,1665.5632632693323,1720.0120983107745,1615.9663529328573,1662.731290962055,1597.3513040629193,1778.9528967174306,2634.7673429116667,4643.115629374703,5436.3092675988955,4378.927403148155,2658.2228386571405,1724.427156121618,1281.5659024761035,1065.457089561508,841.2614211722984,688.3146610188021,583.2355566221257,501.79206090005874,411.971548984024,390.3132679744053,326.11762800292377,325.20310068733147],"y_error":[40.96412390810467,10.842560868429164,109.42615043554216,488.9074433245885,315.8916467585088,137.97623601056108,114.12446886848515,288.5478696470123,29.47554894962634,25.05210425448423,160.7886146722747,261.46041494149364,446.4985251178126,48.347799460706106,173.40079802487884,268.6830632356,183.87559416052312,410.27414932181216,397.68155098787514,32.20379583816568,392.3398896597706,80.45744562341517,275.1818553566777,154.00188673454142,163.54027798489003,233.33915558298378,488.14367437291463,485.08110427885833,172.41152235434143,480.5582366108926,439.7932475850851]}