{"z":7.899999999999988,"x":[5,6,7,8,9,10,11,12,13,14,15,16,17,18,19,20,21,22,23,24,25,26,27,28,29,30,31,32,33,34,35],"x0":[44.49999999999994,53.39999999999993,62.29999999999991,71.1999999999999,80.0999999999999,88.99999999999989,97.89999999999986,106.79999999999986,115.69999999999985,124.59999999999982,133.49999999999983,142.3999999999998,151.29999999999978,160.1999999999998,169.09999999999977,177.99999999999977,186.89999999999975,195.79999999999973,204.69999999999973,213.5999999999997,222.4999999999997,231.3999999999997,240.29999999999967,249.19999999999965,258.0999999999996,266.99999999999966,275.89999999999964,284.7999999999996,293.6999999999996,302.59999999999957,311.4999999999996],"x_error":[1.1986010143323547,2.7219441986892448,1.983802748889683,3.1691056802298743,2.8110565494311097,2.7346356907397045,2.2183318929614564,1.3689445141894359,2.455350846615824,1.3358877910322398,3.142116273756656,3.1515377804226015,3.0817232729988504,2.005797483724874,2.5954747499424142,2.8166284858168735,2.3249529745113193,3.182792983280935,1.9099807833153073,2.9991194084231947,1.445564938232055,1.6597546535168857,2.4774836681166175,2.1558139966175904,2.5851266594602507,1.3722788708885358,2.9027440130620645,1.2525723202823036,1.2357692252965826,2.5365153078140836,1.965443014018414],"y":[676.6440614426789,794.4359963772707,1041.5538354980417,1151.9554911840798,1383.9450491553644,1651.8940928377106,1670.6775517563447,1590.9113736347256,1570.1562821629286,1656.4882580086714,1677.1800811252858,1692.471479864669,1531.610830215941,1580.6018182192008,1749.9778443430232,2748.454117437327,4460.159122541355,5762.342486972279,4578.884996233291,2631.9510674758108,1701.1773156045315,1346.6809534752904,1004.326898255388,853.2441114030604,692.2589689951909,585.3074125878412,469.88896593951824,430.6456652012366,388.28307508885905,349.1365332614759,323.55121129354177],"y_error":[164.92808943959014,120.87164121641614,189.14735532990713,415.75023762569697,496.02850014157565,203.9151343758535,305.7487032162414,295.19131123345943,231.50435024576353,497.61975543205773,355.28095012034066,149.42807138012148,409.15907363116054,6.944931682133615,214.6699873504382,417.5428773624028,278.611956494056,250.0782523752454,229.3501784453076,425.99035414986616,48.34811196568112,33.3791272251388,88.10181282540842,254.8317756645083,446.63782692714517,5.1802630643693615,468.1932352798387,98.5526962658263,401.28624828453275,206.79101880605444,269.2539201362472]}