{"z":7.39999999999999,"x":[5,6,7,8,9,10,11,12,13,14,15,16,17,18,19,20,21,22,23,24,25,26,27,28,29,30,31,32,33,34,35],"x0":[41.99999999999995,50.399999999999935,58.799999999999926,67.19999999999992,75.59999999999991,83.9999999999999,92.39999999999989,100.79999999999987,109.19999999999986,117.59999999999985,125.99999999999984,134.39999999999984,142.7999999999998,151.19999999999982,159.5999999999998,167.9999999999998,176.39999999999978,184.79999999999978,193.19999999999976,201.59999999999974,209.99999999999974,218.39999999999972,226.79999999999973,235.1999999999997,243.5999999999997,251.9999999999997,260.3999999999997,268.79999999999967,277.19999999999965,285.5999999999996,293.99999999999966],"x_error":[2.8093635183531602,2.31574551377569,1.7399555770686157,1.150345517924896,1.6444102078462612,2.123124330299389,2.752854071100525,1.9265127367360682,2.8607308171844292,2.84471908986,2.257014231144942,1.1872788537718382,2.766815495239003,2.2705016738066406,1.2440147517518438,1.4142542485126746,1.7055652471390066,2.2916253791083148,1.252112344037234,2.5903543507892266,1.4596226251570261,3.0803433802321507,2.7124948553790533,1.547425450175885,2.7145807100859134,2.4039378443581354,2.3963111022984087,2.620167387340411,1.1994497689257035,2.7941396008432706,2.2967087037894967],"y":[642.7506856833452,852.3960103122467,985.1133829298583,1164.9084195086332,1391.123678511517,1574.6359242622736,1553.2940654781278,1602.1818950135828,1617.9143291450528,1551.7701549039502,1691.8212565440706,1576.7868613357248,1656.9287761210226,1665.4337453480912,1694.0733754958758,2654.904051903825,4270.021670763348,5229.567813357471,4323.763373402389,2500.7632857740396,1669.458193626362,1342.2608272662708,1037.4809886770597,784.0855174230811,632.735883800591,538.9368670251174,451.43544014687194,407.1033284840505,365.6371041340734,347.56014984830193,308.8933596446874],"y_error":[393.630898418904,386.65763309595224,130.62288207495553,236.02348561570253,362.79866191916943,118.73876997889576,103.03090182046427,246.31926186583,355.02165534919425,75.70462978975112,291.09311244771743,272.4779379300712,301.50470250264783,485.13471562132213,415.84019149417117,473.61820166822156,357.63207486574265,158.89406675629715,182.02267481273282,264.44861550161534,157.3173131003659,204.16150973469837,93.2429488035792,18.724459845722464,145.34481900180464,26.113170812519073,166.78119132159696,435.7184486404922,458.52442846975407,295.5459138648647,97.20363010177357]}