{"z":7.099999999999991,"x":[5,6,7,8,9,10,11,12,13,14,15,16,17,18,19,20,21,22,23,24,25,26,27,28,29,30,31,32,33,34,35],"x0":[40.49999999999996,48.599999999999945,56.69999999999993,64.79999999999993,72.89999999999992,80.99999999999991,89.0999999999999,97.19999999999989,105.29999999999988,113.39999999999986,121.49999999999986,129.59999999999985,137.69999999999985,145.79999999999984,153.89999999999984,161.99999999999983,170.0999999999998,178.1999999999998,186.29999999999978,194.39999999999978,202.49999999999977,210.59999999999977,218.69999999999976,226.79999999999973,234.89999999999972,242.99999999999972,251.0999999999997,259.1999999999997,267.29999999999967,275.3999999999997,283.49999999999966],"x_error":[2.581573154050332,2.419219579269326,1.1778039795309938,2.0232316104536823,1.2267206958878472,1.07593843722883,1.2043707050307593,2.4357068773178856,1.9618778774986572,1.110475857333765,2.9435230324868082,1.3294236201519007,1.2008127781629,2.969677169156078,2.313520334558275,1.8683723248951902,1.1283537829413723,2.2164408706597207,2.4704943384242553,1.5992873295707855,2.227593755258235,2.631773659240504,2.8989964862937914,2.1734396888696583,1.6046976371119095,1.3503214785856812,2.079493912492971,1.829393003625008,1.5964993741039755,2.054268560444837,1.463869136945655],"y":[637.7817055292917,854.4411339328097,1032.4988258131807,1202.0798487742313,1423.4313273435803,1570.6827905451582,1643.7700276124833,1642.3201364295585,1675.0938320385549,1696.227003216668,1660.3774200098137,1606.1236450696108,1669.5266760642292,1643.5181456824,1828.5523648472788,2491.045340536142,4234.317536753995,5343.223174896276,3990.448641274024,2425.857304651634,1794.191746677859,1327.5302506014914,1015.9999111079971,803.4062163831692,631.2478850223132,539.9227347182074,475.30506964301117,408.4978767499662,359.4674438431742,315.37266293559486,293.82834868995786],"y_error":[360.38933968948163,280.0039892763685,101.82666871232915,293.885718338413,229.82477209128749,168.48997529407728,360.7236508679039,370.7155183024599,275.5373437954065,394.65361712543523,354.83038115422505,307.5624636300849,407.3725324776291,211.40904022295604,430.9108480946734,395.41652680215844,47.923508650645765,244.9566534705624,301.6477822259074,220.01568035824494,308.73957015057584,279.1837678011094,30.731148866629532,129.5900202995236,470.3095399728956,150.97534652982048,181.15782021790338,208.12508347740567,65.4104406008007,134.46373100526608,14.583133818029337]}