{"z":7.599999999999989,"x":[5,6,7,8,9,10,11,12,13,14,15,16,17,18,19,20,21,22,23,24,25,26,27,28,29,30,31,32,33,34,35],"x0":[42.99999999999994,51.59999999999994,60.199999999999925,68.79999999999991,77.3999999999999,85.99999999999989,94.59999999999988,103.19999999999987,111.79999999999986,120.39999999999985,128.99999999999983,137.59999999999982,146.19999999999982,154.7999999999998,163.39999999999978,171.99999999999977,180.59999999999977,189.19999999999976,197.79999999999976,206.39999999999975,214.99999999999972,223.5999999999997,232.1999999999997,240.7999999999997,249.3999999999997,257.99999999999966,266.5999999999997,275.19999999999965,283.7999999999996,292.39999999999964,300.9999999999996],"x_error":[2.8556605315400514,1.6898703737152743,1.9332844472895996,1.3207118416213381,2.5427738274898,3.009605163197311,2.9570165120223995,2.108504974227084,2.289165674635202,1.3582973091437118,2.1634538700255286,1.7408320585207755,2.6941005554201523,2.080184120787612,2.9417979017743665,2.7695879264185534,1.8188783198535978,1.1767509186456115,3.014121200512314,1.064263422441491,1.5756915004156236,1.2407722898344113,3.0623138675880854,2.0538623634420703,1.9409601456393881,1.2399829989692794,2.9272355215110895,2.626165448634012,2.6129630661351255,1.2475192277993559,2.0539304024143625],"y":[670.9508219315503,802.62031021402,1024.0259665364874,1185.242324891767,1447.8196065360294,1538.9631920134414,1644.4782694367443,1602.0782915881157,1651.3033278660178,1640.134092912668,1655.816002321401,1663.0596430303403,1669.7919687182002,1566.9229751287307,1858.5698308652336,2607.723550567017,4432.784274649574,5578.768844047002,4224.098889344064,2674.0253118208057,1756.4261151036496,1367.2448195429934,1047.2020171231773,849.9434406026237,681.2679062220343,576.1630612125971,471.4395088900159,437.77749755419165,355.05996853018536,344.0475274691704,301.0617099648318],"y_error":[427.5828689940972,422.9532630176659,475.3763044772802,416.8068167186594,142.1345134212968,451.25332350339085,113.92203476576712,421.9686997434715,322.6959871605455,458.78807264885455,208.44961083629065,112.93594389036387,266.0882983689319,366.23841766938625,129.27719614494282,274.0156329170944,416.1822859740849,463.46096416978054,392.05824977113457,33.714723935212575,413.87069460906423,136.93466892618056,98.26437563372792,82.1322422407279,27.090196872684437,463.759052249063,467.6041639820304,213.88128018029695,469.16928581662376,279.33824497636897,250.92053396929435]}