{"z":7.29999999999999,"x":[5,6,7,8,9,10,11,12,13,14,15,16,17,18,19,20,21,22,23,24,25,26,27,28,29,30,31,32,33,34,35],"x0":[41.49999999999995,49.79999999999994,58.09999999999993,66.39999999999992,74.6999999999999,82.9999999999999,91.2999999999999,99.59999999999988,107.89999999999986,116.19999999999986,124.49999999999986,132.79999999999984,141.09999999999982,149.3999999999998,157.69999999999982,165.9999999999998,174.29999999999978,182.5999999999998,190.89999999999978,199.19999999999976,207.49999999999974,215.79999999999973,224.09999999999974,232.39999999999972,240.6999999999997,248.99999999999972,257.29999999999967,265.5999999999997,273.8999999999997,282.19999999999965,290.49999999999966],"x_error":[1.9029798610683204,1.622346306967727,1.3770885394527044,2.029048488884454,2.6388817866389296,3.020651275789684,1.6461606929223178,1.4182977061439441,1.8596996836162718,2.347698854002962,2.407672355263477,1.406634944392109,2.905800141827846,1.07245599814876,2.7664937280809188,2.105811624759947,1.2658740993892033,3.0094957468646513,1.4915592562570468,2.659118434770865,1.0755684165650876,1.7212708641341323,2.8116243786710555,1.23926456676754,1.547095833715444,2.4439676522222236,2.863113155166261,1.541689075566464,2.5188008970888722,1.6058175961889045,1.2947138655090416],"y":[658.0815370026224,850.9221387337565,1032.5828439387196,1226.6188185503013,1365.674901601844,1643.87319742135,1629.9751716601254,1555.2214419706454,1544.1820223803168,1696.033171771694,1610.1738125564543,1659.341107080964,1623.9514747032472,1576.0056032807909,1748.9953072402218,2598.4064801783434,4308.603243078369,5359.631969910656,4115.05560473961,2588.18018976272,1743.3583480939674,1283.8697104211537,1030.110259532008,786.7440618548617,679.6906970154831,559.4465932842476,487.54178524529107,396.40209123076596,357.5984172398431,333.6104568245213,297.5031090140018],"y_error":[58.75068054924137,353.54494711409166,275.7421820943183,369.9901414243192,351.10226355297516,459.47950471244326,409.17954081362365,252.6095349831312,150.94644515284162,350.7228194642013,194.43366614505464,121.05100925618484,50.35080194745001,449.90067239678945,498.054802562823,454.3591109046721,49.820784045423004,478.323162945697,215.3009482128766,18.143867047233698,437.0735717765332,117.1302752283373,440.2025950422892,401.5465432436703,263.92380423628913,320.07038065683633,312.6040410251951,7.412016426666668,417.18241348154805,131.84437663777558,131.80856904895478]}