{"z":7.699999999999989,"x":[5,6,7,8,9,10,11,12,13,14,15,16,17,18,19,20,21,22,23,24,25,26,27,28,29,30,31,32,33,34,35],"x0":[43.49999999999994,52.19999999999993,60.89999999999992,69.59999999999991,78.2999999999999,86.99999999999989,95.69999999999987,104.39999999999986,113.09999999999985,121.79999999999984,130.49999999999983,139.19999999999982,147.8999999999998,156.5999999999998,165.29999999999978,173.99999999999977,182.69999999999976,191.39999999999975,200.09999999999974,208.79999999999973,217.49999999999972,226.1999999999997,234.8999999999997,243.59999999999968,252.29999999999967,260.99999999999966,269.69999999999965,278.39999999999964,287.0999999999996,295.7999999999996,304.4999999999996],"x_error":[2.7864973882594706,1.4246176580546897,1.245880032154377,1.4989616157918966,1.6440183385693659,1.3251051785770425,2.0413062054576065,3.109470073206297,2.0157812085946354,2.7553973232749946,2.0100536034662904,2.7293194826262983,1.8997572139453784,3.097681700341658,2.0292137624212225,1.4652518232186718,2.177501075092475,1.527593538391295,2.2143275244313934,3.163156138707498,1.7822114934776083,1.0927019683737362,2.416295089825544,2.1550325212579073,1.455656545693597,2.864288892021487,2.6090768718830604,1.1458204610953704,1.8652202237865174,1.8448429999151954,1.4059258443957652],"y":[646.7732324576474,799.0487736311102,1029.9220052982537,1150.706715656465,1406.053970352518,1674.0879158748985,1552.2349626925668,1660.8330858480501,1620.8817807133446,1593.306971333899,1655.6692823784228,1640.268974549152,1637.4039944174292,1656.4009871857097,1737.4772847276702,2656.763075925375,4614.058894443012,5337.972941853585,4477.772772504428,2542.076729596009,1670.0093089538561,1347.5597173116435,1008.9366111840914,779.1361228433574,646.640088197915,542.2512499519579,476.64368203875836,432.69330340995043,362.606218974219,352.4810485161951,310.11149275955313],"y_error":[480.79028160418335,186.50888450686475,3.362456552048809,407.76619641131083,434.87859140987996,404.6831581185497,193.61290026789214,200.23136087498327,290.9447889134874,317.5204231877492,198.03489327482072,188.36847868025865,413.5206245536912,77.48386738467904,200.46100455661397,483.85141573304213,40.061385744742275,113.02053064361061,74.45848250087306,328.924996700533,306.6186352033863,7.382882601118301,106.95944213649433,217.73066243502015,147.7069896877019,358.63122792644396,95.51237822621295,333.17435857126765,199.97030405093298,98.50978818660472,376.8331755392862]}