{"z":8.299999999999986,"x":[5,6,7,8,9,10,11,12,13,14,15,16,17,18,19,20,21,22,23,24,25,26,27,28,29,30,31,32,33,34,35],"x0":[46.49999999999993,55.79999999999992,65.09999999999991,74.39999999999989,83.69999999999987,92.99999999999986,102.29999999999986,111.59999999999984,120.89999999999982,130.19999999999982,139.4999999999998,148.79999999999978,158.09999999999977,167.39999999999975,176.69999999999973,185.99999999999972,195.29999999999973,204.5999999999997,213.8999999999997,223.19999999999968,232.49999999999966,241.79999999999964,251.09999999999962,260.39999999999964,269.6999999999996,278.9999999999996,288.29999999999956,297.59999999999957,306.8999999999996,316.19999999999953,325.49999999999955],"x_error":[2.944340543652414,2.3453856931662753,1.8293481896151125,2.699150310972632,2.584467904219116,1.3687697062071114,3.130730772578886,1.890744351094123,1.4015612034209972,1.8552035017659585,2.805948175104422,3.275196418338747,2.18770173577244,2.272749435607626,2.820976663388186,1.5909912389938001,2.1558697218754714,2.7343247353170064,1.3038246769960362,2.8369553103552705,2.686550921394644,1.9383144635364293,2.056329571991694,2.8067932198809062,2.2910615234973015,2.2054374682992988,1.1740301908786104,2.4453876381186666,2.0530385463524254,2.9772989438741195,1.9130585349369877],"y":[647.1175767190625,852.4267775307303,984.6356678990223,1155.8244154647346,1393.3223630133425,1592.1469358929628,1541.7499899939687,1567.1320509693523,1605.7819655789847,1640.4898453674696,1658.5270858508597,1654.191367323864,1623.1551512759117,1590.108506464816,1754.697977991587,2720.103023166895,4717.377672259023,5879.826043527303,4899.258227816938,2851.800745236922,1744.8327653855147,1273.8268236246279,1057.1504165896436,867.0227050848839,707.8951468335837,555.2711180504798,479.36679619410705,421.4720066032773,380.85676507735917,359.74613981168056,337.56087256492793],"y_error":[179.49241805222314,445.1296508157483,27.388555474224695,474.3210746015308,164.06545994682742,416.2668259768159,488.4226609013065,102.21774024063812,468.2816345062465,242.65770047595504,437.44732719498967,90.4947848919061,214.46684663776372,111.35157816988439,356.6988041680772,209.95997750805984,470.17211778887224,373.0790104616588,499.75888067099027,235.88152046524536,455.4218906054013,327.0612486200052,31.448147783759705,207.273236812877,57.84055022668899,117.45633455753834,437.1370669523722,247.10904431445567,434.5169201393655,428.13268205688115,250.00116352481817]}