{"z":8.799999999999985,"x":[5,6,7,8,9,10,11,12,13,14,15,16,17,18,19,20,21,22,23,24,25,26,27,28,29,30,31,32,33,34,35],"x0":[48.99999999999992,58.79999999999991,68.5999999999999,78.39999999999988,88.19999999999986,97.99999999999984,107.79999999999983,117.59999999999982,127.3999999999998,137.1999999999998,146.99999999999977,156.79999999999976,166.59999999999974,176.39999999999972,186.1999999999997,195.9999999999997,205.79999999999967,215.59999999999965,225.39999999999964,235.19999999999965,244.99999999999963,254.7999999999996,264.59999999999957,274.3999999999996,284.19999999999953,293.99999999999955,303.7999999999995,313.5999999999995,323.3999999999995,333.1999999999995,342.9999999999995],"x_error":[1.4721204920271522,1.3991440948497722,3.4808475577610887,3.0430773990716147,3.247259625388754,1.4422187496388612,1.580461915055955,2.472647433991347,2.4653871276302555,2.026925347192977,1.3809179330502437,3.1281914531835566,3.3891679263277448,3.4783261946125474,2.2353357037636945,1.6582571821151877,2.3257521641142844,1.3542830920482878,1.925637652207192,3.255607312182123,1.5640063434512252,3.391695428289092,2.2961756711194115,2.342455428470104,3.0089123800976463,2.5350254764625606,2.7054611623321545,3.374405685130245,2.1194077812987406,2.709267957754326,2.5775750312453116],"y":[680.7932941481315,788.8240564339832,1050.566974551722,1193.9897796712205,1443.0937713853484,1602.984870992483,1607.188372682456,1656.5699201946056,1612.0321905225087,1669.3456922821877,1659.1742317890614,1584.3254700460623,1601.2707652429033,1611.908475080764,1878.287130524981,2764.688083707341,4912.060332029868,6199.134116442724,4853.690584458163,2816.5272029635707,1716.3762018190037,1354.8408008512445,1042.295882735619,815.0834826431217,679.9052222515429,590.586122848363,493.9789679632792,424.76658280877524,392.4045082780359,345.9907232896534,323.2250743740355],"y_error":[418.32029592521815,419.8349796291068,226.58219673767766,224.34567291494434,25.754633345336785,335.86298395390867,366.66262834016106,175.30013843312642,253.25652300797418,273.5201316833088,388.5593689742312,177.13671364792006,264.8525898934125,270.11319049712756,113.3287082927631,494.9789822928936,303.7215687607988,85.91355687568803,302.1701077922581,211.42291218445285,311.78125207238014,429.956447272548,397.98417880069223,263.43718567558363,7.109302683922514,148.97869737275659,177.4073888520631,445.71596073285843,432.2471254698863,344.9593507439229,318.4183721518271]}