{"z":8.599999999999985,"x":[5,6,7,8,9,10,11,12,13,14,15,16,17,18,19,20,21,22,23,24,25,26,27,28,29,30,31,32,33,34,35],"x0":[47.99999999999993,57.59999999999991,67.1999999999999,76.79999999999988,86.39999999999986,95.99999999999986,105.59999999999984,115.19999999999982,124.79999999999981,134.3999999999998,143.99999999999977,153.59999999999977,163.19999999999976,172.79999999999973,182.39999999999972,191.99999999999972,201.59999999999968,211.19999999999968,220.79999999999967,230.39999999999964,239.99999999999963,249.59999999999962,259.1999999999996,268.7999999999996,278.3999999999996,287.99999999999955,297.59999999999957,307.19999999999953,316.7999999999995,326.3999999999995,335.9999999999995],"x_error":[2.503720160499479,1.435237529945479,3.309947939134007,2.6973108553350578,2.8131802513376574,3.0200280179843197,2.8623023873127167,2.4035717485370958,2.804088595886245,1.716529542346868,1.4017607652319275,2.105193004699149,1.3245897957185975,3.3476273035714366,2.031912039704803,1.9933005233227608,2.4909738364748524,2.534000441817936,3.1434465153781552,1.3096931421518085,2.5421593893645706,3.1537429000121477,1.368055378815195,2.586763049194367,1.8236737351220524,3.435809024408792,1.9634530503271028,3.232206192559687,2.7736399802442193,1.1685979631363896,2.4889094034879875],"y":[650.1964524081843,825.3148037577101,1037.7128416440255,1151.3018362804085,1329.6101079763641,1594.7950838813842,1617.5515777758355,1638.0531936268505,1570.156576048739,1641.132082258965,1687.4482580610395,1648.0260780214066,1557.5316791303621,1645.516789308932,1851.0411311973348,2897.408180656617,4743.234720562266,5919.741175596339,4833.150614349532,2868.848674081523,1774.6262273844359,1311.9661352653784,1075.9919934270501,836.0131652339101,693.7154344569356,561.8828921886053,499.391847009054,433.9607818863746,399.48287690234235,361.0481744340497,331.89378965783226],"y_error":[8.832282831111371,36.117887877568975,454.358696553845,134.00332589282326,398.9564429620086,93.50791191926588,69.49155037030263,386.7582554094432,338.30817245279997,119.72864495936652,212.08530592918584,58.28322750678871,491.96657785983723,375.0664680815237,296.7461748091784,114.57195442805845,485.9531124900496,355.8102520867961,11.352854593694172,463.8009291481965,467.515053221221,447.5201906245101,172.02385198922477,398.71689330004403,105.3636450719152,89.74068335796981,126.39780918061061,488.4751195459831,474.9715499360518,98.43309114856214,406.11738307446046]}