{"z":8.199999999999987,"x":[5,6,7,8,9,10,11,12,13,14,15,16,17,18,19,20,21,22,23,24,25,26,27,28,29,30,31,32,33,34,35],"x0":[45.999999999999936,55.19999999999992,64.3999999999999,73.5999999999999,82.79999999999988,91.99999999999987,101.19999999999986,110.39999999999984,119.59999999999982,128.7999999999998,137.9999999999998,147.1999999999998,156.39999999999978,165.59999999999977,174.79999999999976,183.99999999999974,193.19999999999973,202.39999999999972,211.5999999999997,220.79999999999967,229.99999999999966,239.19999999999965,248.39999999999964,257.5999999999996,266.7999999999996,275.9999999999996,285.1999999999996,294.3999999999996,303.59999999999957,312.79999999999956,321.99999999999955],"x_error":[2.6292004461196345,1.480962339968831,2.8546822293337706,1.8757234978544695,2.97452102079112,2.4677459665558596,3.0096567657717097,1.6341203025584194,2.56823963120806,1.8336477910922344,2.8737259159480892,1.98809302745825,3.2021935246593394,2.232996353746805,1.5827063576899867,2.5518015043538,3.3575754879181936,1.2341199194609094,1.8163998478671082,3.1043609384180866,1.493909901273829,3.023828372558525,2.6872615720918898,1.8224276202380065,2.0331914063111283,1.308440675591299,2.5155347136589516,2.279333091646114,1.1932796680221458,2.7525671957365834,1.4818589116584382],"y":[643.3877455456071,859.2744656028038,988.4611626302571,1187.3101360439116,1334.1853619737349,1665.5816079286776,1644.8822883243383,1664.7189344349945,1566.0313661444475,1640.1197667698748,1632.3701455790742,1686.966876564212,1650.3372481755978,1589.1164274127552,1754.7314157444127,2676.3704980075004,4704.290857059811,5916.4743507052635,4676.451941964759,2811.6637716123123,1802.2619086190036,1284.4010306464802,1026.4522714996542,823.8794191442046,703.1915355660627,562.7266570786468,485.58951913008775,428.13593080691317,380.5023711082276,363.82720901835637,323.9175834998073],"y_error":[27.60138846768101,330.7578085498375,337.53294024210953,39.06488826792553,231.4628246998387,232.69725349946236,297.4540353586345,284.51207251428355,414.2048875681632,312.4706657301747,239.5361776678716,418.82385014490706,468.9674593471369,264.8630519257955,92.38054435636889,154.54476511561788,34.561362552991135,406.85698736147725,164.24575957891852,221.02921956453469,318.3342534595087,300.01320184711375,426.40113113772236,208.6485123961126,17.93776305361916,326.789544120506,227.3580939725205,219.59612596241473,466.5965984778396,435.92818121662947,57.50990953463675]}