{"z":8.899999999999984,"x":[5,6,7,8,9,10,11,12,13,14,15,16,17,18,19,20,21,22,23,24,25,26,27,28,29,30,31,32,33,34,35],"x0":[49.49999999999992,59.399999999999906,69.2999999999999,79.19999999999987,89.09999999999985,98.99999999999984,108.89999999999984,118.79999999999981,128.6999999999998,138.5999999999998,148.49999999999977,158.39999999999975,168.29999999999973,178.1999999999997,188.0999999999997,197.9999999999997,207.89999999999966,217.79999999999967,227.69999999999965,237.59999999999962,247.4999999999996,257.3999999999996,267.29999999999956,277.1999999999996,287.09999999999957,296.99999999999955,306.8999999999995,316.7999999999995,326.6999999999995,336.59999999999945,346.49999999999943],"x_error":[1.8216854080724725,3.090824279038634,3.3341906473082403,1.2171691744384667,1.2361793433707373,1.474318483866084,3.110714523801015,2.5537907505620465,1.4106612757039598,1.7480456376481777,1.947699420015294,2.9578718886331776,1.3045860528376094,1.3239091979065163,3.065270248886814,3.100745579721993,2.8590675935609413,3.3282411349191774,3.159930732511378,3.449356185510445,2.244596473957538,3.1716485228084803,1.89165529296027,1.9510380255209765,3.0438660075710873,2.8819915685785364,1.2490983278645238,1.9694300707218952,2.2513917599518054,2.9681171746053483,2.230891276819042],"y":[651.723324487327,792.7248921768269,1037.104705742862,1189.2576970529992,1397.5503805402159,1657.8102696340918,1660.203002366558,1560.645103815705,1586.8238021785262,1560.0782104383056,1651.0718076241835,1552.7784644342728,1536.3497087321832,1527.566891538887,1757.9392716862862,2705.231084211732,4932.091076152031,6312.499737709034,5044.57552082033,2784.773371472844,1732.5562514392832,1381.820902468901,1095.367520501908,837.0166163369831,671.7660003057412,579.4029386793809,509.2511199953157,445.57397069113784,388.32303097475153,354.4624227240892,322.39434267874753],"y_error":[78.86279040628396,57.10865522485031,476.7088148063132,129.64407617864993,19.004985639890393,208.2097011751909,119.77972799152082,466.3334323657593,146.30953070625108,272.1659055562856,59.45222819049489,80.945058806016,81.59846783971658,413.7480751089082,114.41294861074569,117.78097345007099,68.36278127768836,489.06057448363606,399.6620228924539,15.715852100892324,258.4503444309707,168.92044854879362,0.10340338009329209,193.9461951241741,184.7487832039364,436.40726121823957,335.1020911844712,422.0192835060408,65.83799845778182,272.1990018569462,343.51837752353407]}