{"z":8.499999999999986,"x":[5,6,7,8,9,10,11,12,13,14,15,16,17,18,19,20,21,22,23,24,25,26,27,28,29,30,31,32,33,34,35],"x0":[47.49999999999993,56.999999999999915,66.4999999999999,75.99999999999989,85.49999999999987,94.99999999999986,104.49999999999984,113.99999999999983,123.49999999999982,132.9999999999998,142.49999999999977,151.99999999999977,161.49999999999977,170.99999999999974,180.49999999999972,189.99999999999972,199.49999999999972,208.9999999999997,218.49999999999966,227.99999999999966,237.49999999999966,246.99999999999963,256.4999999999996,265.9999999999996,275.4999999999996,284.99999999999955,294.49999999999955,303.99999999999955,313.49999999999955,322.99999999999955,332.4999999999995],"x_error":[1.8077180324141562,1.2570801902385695,3.2564423937064406,2.0646505342517854,3.317075090048358,1.7229564354937659,2.838426250476415,1.3083508662528833,2.200317215979434,2.921074431076627,1.453339611757729,2.587900652778238,3.24206727076022,1.2628416078421631,3.3793478793777414,2.1203003324751304,1.2418440678922922,2.2780671661023084,2.6132850667684444,1.6521639693662318,1.1549921804669057,2.4119004703947997,2.728628863958942,1.423321325068472,3.4051278320183003,2.7823237688168776,2.9668635119504687,3.2770237949095713,1.7915008758738784,1.510211394333432,2.5286373627538357],"y":[683.7242170427319,813.9880469089659,1019.8018616659878,1164.0048992964412,1338.556301103671,1579.682495043699,1635.4293634089595,1600.3778493322266,1631.6215281320037,1702.063105933463,1613.860414861779,1593.3593259495412,1586.7582183806917,1660.9751648243816,1867.3083181489126,2775.268066849324,4649.524877119632,5941.732172677808,4622.4367117138445,2798.59311761017,1805.317201562477,1270.68414203485,1005.1634195284848,868.997265065379,654.4186888545518,566.8124312299234,500.42559231669094,431.34079664529196,406.35530038855995,356.854147745916,316.92313668499673],"y_error":[370.34393058140944,165.85879329624842,2.8899256253284156,148.67401718090423,260.6409061912374,207.60164483282907,120.58859004698141,473.9630011285042,152.97094017010815,52.292624080299554,33.32080077545119,421.5263044709289,392.20255941064306,272.31517910004465,100.41650775727406,304.77202778129544,174.59332710746912,464.80990401021427,323.27407996825707,221.52151006309163,16.97801714030156,467.14416681030724,425.2907182409057,105.78084008989974,152.4300355489635,139.76682714939847,325.6263544869309,225.15532803665184,173.4636158650016,365.1216964704842,313.65723971145167]}