{"z":8.099999999999987,"x":[5,6,7,8,9,10,11,12,13,14,15,16,17,18,19,20,21,22,23,24,25,26,27,28,29,30,31,32,33,34,35],"x0":[45.499999999999936,54.59999999999992,63.69999999999991,72.7999999999999,81.89999999999989,90.99999999999987,100.09999999999985,109.19999999999985,118.29999999999984,127.39999999999982,136.4999999999998,145.5999999999998,154.6999999999998,163.79999999999978,172.89999999999975,181.99999999999974,191.09999999999974,200.1999999999997,209.2999999999997,218.3999999999997,227.4999999999997,236.59999999999968,245.69999999999965,254.79999999999964,263.89999999999964,272.9999999999996,282.0999999999996,291.1999999999996,300.29999999999956,309.3999999999996,318.49999999999955],"x_error":[1.884165656426719,1.4393540770322817,3.075381072892865,1.4207313969084931,2.894173456530295,1.589240408323104,1.7758137727102774,2.629919126630644,2.5080268381204043,1.316456971550328,1.8875568479736657,2.22477863721043,1.179282604759622,1.5145830527361852,2.234619937561182,1.387673490110441,2.447104050740993,2.1961456687532137,2.5149981091913824,1.6848597538647452,2.0975095698542603,1.2990917983807218,1.198010065055057,1.258398958409132,2.391366532776213,1.2505095093424317,3.2123118597542577,1.4663627198664393,2.0934005397395943,1.9632982163308266,1.7997838667005923],"y":[682.7639684102546,855.493701962713,1031.4468458184942,1245.9085432214035,1374.9998618691986,1674.6882677928027,1559.1863806967322,1595.7433225115635,1585.025073855756,1701.2727449957747,1578.8824291205876,1672.4394738023714,1576.0781551983173,1607.9600926092937,1719.59252551149,2755.9560677967884,4704.37346454075,5547.668557608605,4747.817069909096,2647.672389952545,1800.2250133671218,1378.462554476643,1063.2132689956184,815.2870524376299,652.7977060830274,581.0288441660895,511.3150193479389,446.8082493333484,389.63156622705554,356.5331184437575,332.11578684289793],"y_error":[425.8973598138349,22.82215563665868,195.4325264521096,164.30480679181392,493.2685970832814,142.7722502370029,402.2507947877629,311.3391463532311,436.039063574422,46.124955576301915,165.83249630153628,466.0185980352032,489.7347243394203,212.58422567974478,433.1878599803779,309.3556276277187,454.70456299355675,81.4376098850248,362.58646679354337,320.59646868190583,223.77952539216983,211.9934752106617,102.93184866701965,35.56283052281217,484.6971553453011,132.32926509197995,273.87757409031855,117.06644018090995,55.47837439961689,189.08544055769727,256.3318609224595]}