{"z":8.999999999999984,"x":[5,6,7,8,9,10,11,12,13,14,15,16,17,18,19,20,21,22,23,24,25,26,27,28,29,30,31,32,33,34,35],"x0":[49.99999999999992,59.9999999999999,69.99999999999989,79.99999999999987,89.99999999999986,99.99999999999984,109.99999999999983,119.9999999999998,129.9999999999998,139.99999999999977,149.99999999999977,159.99999999999974,169.99999999999972,179.99999999999972,189.9999999999997,199.9999999999997,209.99999999999966,219.99999999999966,229.99999999999963,239.9999999999996,249.9999999999996,259.9999999999996,269.99999999999955,279.99999999999955,289.99999999999955,299.99999999999955,309.9999999999995,319.9999999999995,329.9999999999995,339.99999999999943,349.99999999999943],"x_error":[1.24182733385626,1.22548246211394,1.7874072705360253,2.9602556793369548,2.5377857340646144,3.3304975996031527,3.4148327370750655,3.38191821250765,2.3904157099942505,2.9890740848057487,2.0041719204665163,2.730880818163079,3.046443900245875,2.2901862367554324,1.5871839410731146,2.6190565187342862,2.8868519939442407,3.1031129639199797,2.206874963418872,3.4112146253936904,1.3292056710819966,2.772959878142623,2.7794414547918644,3.2222342044354577,1.4770338202905893,3.18486989010528,2.649942492636442,3.121513230244676,1.4057559769732184,2.4561219300744854,1.9163732130875157],"y":[624.524846663821,809.369936516092,1015.325362104601,1232.2337904852684,1393.7625004943313,1651.382184260896,1594.8987803367293,1559.9770987149218,1577.2546523851515,1560.8424652872604,1605.3774655058453,1621.9279553803872,1655.9710024104634,1540.422077866004,1789.6922608893715,2868.0594271097284,4892.452199343461,6463.863142519277,4922.15978531402,2969.3065956799046,1779.2534229625405,1295.0393796121414,1065.721690524546,834.7583475042071,714.3478536820776,582.9230800930301,496.04270225058434,468.54835130053203,420.92307046716155,363.36486478069423,326.19412421240946],"y_error":[157.45050725775812,47.27383341406666,96.26355624668403,464.27880338963735,26.01819152065088,193.33556343475544,112.27496499718993,241.9348434470554,44.399877101842236,216.70997225906896,121.87250101956015,269.6165355387573,437.9894333371919,192.74288622914094,157.95545703518755,462.63616501348935,186.00610062041233,124.55246317722057,330.41380574528665,407.2146580006808,467.3378220935144,236.11314777677183,235.4589065466246,49.569433799580345,256.6199234103296,37.76565411390376,49.047263609608095,237.09252178244978,147.32051898784528,265.6479911044685,466.7483674342027]}