{"z":8.699999999999985,"x":[5,6,7,8,9,10,11,12,13,14,15,16,17,18,19,20,21,22,23,24,25,26,27,28,29,30,31,32,33,34,35],"x0":[48.49999999999993,58.19999999999991,67.89999999999989,77.59999999999988,87.29999999999987,96.99999999999986,106.69999999999983,116.39999999999982,126.09999999999981,135.79999999999978,145.49999999999977,155.19999999999976,164.89999999999975,174.59999999999974,184.29999999999973,193.99999999999972,203.69999999999968,213.39999999999966,223.09999999999965,232.79999999999964,242.49999999999963,252.19999999999962,261.8999999999996,271.59999999999957,281.29999999999956,290.99999999999955,300.69999999999953,310.3999999999995,320.0999999999995,329.7999999999995,339.4999999999995],"x_error":[2.319659682841748,3.0898234151207062,2.3973150109925667,2.8862806427124243,1.770350460408301,1.688161065722674,3.4053555076124535,1.905479606225532,1.5288770704263697,2.115357888869605,1.7606752331666966,2.6947500063600796,2.4679638462384252,1.4616793874601015,1.6021909822184113,1.554690406812023,1.687472751675495,1.2756963145027655,2.6453603003180115,3.2725533251456174,3.2716814214437386,3.1046340947207485,2.364048454006997,3.343906279323848,2.4797540628637673,2.5366171549263314,2.4335607367744134,2.430382947258286,2.742852428788078,3.1584675369078656,3.275749608372683],"y":[630.5268088296883,791.592978700405,998.0006380791393,1175.3652560877956,1347.6547897988103,1607.3823571098544,1573.2905600586712,1584.6608291792763,1569.5966099361087,1662.1540831768148,1587.0585599708381,1669.461829073489,1531.3098806108658,1611.3357351262746,1812.9047525166848,2756.8248387987014,4784.898077184541,6210.632780138726,4700.76150757251,2812.2992981940333,1748.821454452653,1350.2935357515175,1052.2121175724142,803.9129319169695,656.7993433202136,589.8238540205137,513.6756897458611,446.2916696307967,399.0828869201565,376.5392237639918,335.93506902439384],"y_error":[258.33528842636,434.8230824976856,446.6044153785887,451.70759346944476,497.2183102472874,443.7699306004723,401.2905249431613,126.83686211031497,407.77190710837294,182.21216217816695,357.4628966241189,28.274708476577203,60.323396608098825,10.339026764600856,355.3277659849169,377.76192692123766,89.57233125312835,140.31753954047343,119.23106550256202,88.69226828871813,237.18341651224827,158.9462173799503,459.975586171379,49.26762819495245,346.5677657599041,149.98310164269668,438.120789341048,344.7873657827561,191.68580764577615,141.2614348667991,301.44206810043914]}