{"z":8.399999999999986,"x":[5,6,7,8,9,10,11,12,13,14,15,16,17,18,19,20,21,22,23,24,25,26,27,28,29,30,31,32,33,34,35],"x0":[46.99999999999993,56.39999999999992,65.7999999999999,75.19999999999989,84.59999999999988,93.99999999999986,103.39999999999985,112.79999999999984,122.19999999999982,131.5999999999998,140.9999999999998,150.39999999999978,159.79999999999976,169.19999999999976,178.59999999999974,187.99999999999972,197.39999999999972,206.7999999999997,216.19999999999968,225.59999999999968,234.99999999999966,244.39999999999964,253.7999999999996,263.1999999999996,272.5999999999996,281.9999999999996,291.3999999999996,300.79999999999956,310.19999999999953,319.5999999999995,328.9999999999995],"x_error":[2.9652959813760678,2.203695179333805,2.019243723621042,2.2137930408997963,1.873958192289853,2.973122465472847,3.3509606363699076,1.3473296438208875,2.7256257095612506,1.3088433213653645,2.3862730149774904,2.991003576892198,1.5161203932443064,2.9910674018934005,1.480142148068414,1.4347520244228533,2.930668262959724,1.8033076008067708,3.014518103817239,2.101635262128707,2.878301827019625,2.6790580602353113,2.554410222524226,2.3887745206492514,3.2102812899818813,1.5203198985181652,1.9482559387386984,1.5555065065132978,1.5853859599770836,1.225254372236055,1.1561548708459695],"y":[671.0344280222564,806.1338481769834,970.0853543663185,1171.849548567156,1365.6185170610347,1615.0010890776505,1544.3770321297359,1548.0515551841609,1548.004448764488,1601.1853023241629,1692.1767099356189,1670.0407089102366,1615.2660288911609,1541.1958700144723,1817.8419132098488,2865.5094374004366,4675.881684160868,6049.508061725803,4654.443269063584,2819.619787773402,1791.409375136886,1330.9990240756724,1009.1579787632556,844.5988865184133,690.2538067479155,573.4378318140513,506.279277353334,422.13165219794536,386.48068323469533,339.1329264139528,334.6418307947001],"y_error":[380.9531988063887,50.85850145450821,455.41597534091574,273.9264069587259,334.9963312291975,247.4485247996302,335.65881823427657,261.1527035181156,362.97151998749075,343.852731500876,315.7349025005574,296.36213325441116,300.6054572726106,391.00591987321144,134.42034019276906,115.77908500152267,2.186506647783193,370.11960331596924,411.273803107986,144.9514713940805,397.73841644772443,341.76779897755085,333.00029094186766,152.67272541694587,343.3013138286456,62.387465993542165,215.65877608238105,84.4521137538341,36.13384623132632,496.20448232230984,172.08860548740356]}