{"z":9.99999999999998,"x":[5,6,7,8,9,10,11,12,13,14,15,16,17,18,19,20,21,22,23,24,25,26,27,28,29,30,31,32,33,34,35],"x0":[54.9999999999999,65.99999999999989,76.99999999999986,87.99999999999984,98.99999999999983,109.9999999999998,120.99999999999979,131.99999999999977,142.99999999999974,153.99999999999972,164.99999999999972,175.9999999999997,186.99999999999966,197.99999999999966,208.99999999999963,219.9999999999996,230.9999999999996,241.99999999999957,252.99999999999955,263.99999999999955,274.9999999999995,285.9999999999995,296.9999999999995,307.99999999999943,318.99999999999943,329.99999999999943,340.9999999999994,351.9999999999994,362.9999999999994,373.9999999999993,384.9999999999993],"x_error":[2.239758008769928,2.486582394920428,2.907387953916942,3.2325167729400186,3.8738307534381278,2.55709821917774,2.234337764731122,3.6944325770989908,3.549701871231268,2.389564769844203,3.3232340523228543,1.3273518532445592,2.31245044322539,3.3097388357828317,1.8750463978019127,2.6357596504235605,3.6217765772284007,2.9231195601178412,2.582088953913173,3.4144709952421253,1.9750732185527262,3.345850339694669,1.4875179479593204,3.7109428110624822,1.6945904746168674,3.2323720691503297,1.523256043904007,1.4502474880662737,3.2231100666716186,3.5496287247980547,3.2526086844417867],"y":[674.7414778063807,809.3050561168714,1036.3176084587735,1234.8474451333711,1396.8419552939074,1533.0198000405069,1627.222126458407,1640.0808099267772,1659.0031977271979,1611.4492046563407,1658.0262548851133,1589.9026721724035,1646.1093211657162,1616.7831647200394,1819.4513626165613,2937.6769253767857,5432.775242839206,7247.662182931904,5583.4412405089115,3050.1266372179593,1721.871682954235,1313.6609349422579,1050.5114134989653,868.3653679707347,703.3524261609892,604.6302494490099,543.2798821221385,470.98832826075477,437.5784473215917,387.90377854206355,362.5091605549662],"y_error":[293.881564214578,57.138623942693975,402.3199246242084,154.5387878163488,356.89861801119605,95.36843221622682,255.3768168870959,362.037840133548,242.63723372783886,374.8994755053614,428.385561474995,39.97155670423158,222.7528535719977,389.8651976849904,323.20213711714587,471.7407569829429,179.26574107907578,391.3112511155489,497.42868106112314,382.6007221534151,89.50335173878976,135.18069195680314,31.097853331856996,92.63803942671778,18.55630637365413,66.41185398516525,368.06002816843886,481.03674692616806,449.7045679087517,406.5264315158147,289.24540478006344]}