{"z":9.399999999999983,"x":[5,6,7,8,9,10,11,12,13,14,15,16,17,18,19,20,21,22,23,24,25,26,27,28,29,30,31,32,33,34,35],"x0":[51.999999999999915,62.39999999999989,72.79999999999988,83.19999999999986,93.59999999999984,103.99999999999983,114.3999999999998,124.79999999999978,135.19999999999976,145.59999999999977,155.99999999999974,166.39999999999972,176.7999999999997,187.19999999999968,197.59999999999968,207.99999999999966,218.39999999999964,228.7999999999996,239.1999999999996,249.59999999999957,259.99999999999955,270.3999999999995,280.79999999999956,291.19999999999953,301.5999999999995,311.9999999999995,322.39999999999947,332.79999999999944,343.1999999999994,353.5999999999994,363.9999999999994],"x_error":[1.5083204970730715,1.5851085006214243,2.2045245371721363,3.7085176001869247,3.2026255763730243,2.0551381365987664,3.435350304010681,2.6135759944713692,3.200461883407187,3.075434163859242,3.484022564924526,1.6293209735112648,1.5274418016408051,3.5514437248282187,3.1088801696624797,1.4645736879995983,2.2857443789634466,1.5541816256056133,1.312018941098741,3.4309382712825798,2.5337928173188367,3.3890266950321104,1.8260586846165359,3.63287283654265,1.4864928382574234,3.212112871051986,2.3682139283434767,2.2960042912565886,2.3526400093029665,1.9783473602560462,2.2261162380068327],"y":[672.5496078067195,815.4743914990128,980.5114326965672,1202.9102843705707,1457.4689069003896,1539.9416909679264,1565.882021667969,1627.6980484503754,1593.2158865768831,1577.7739816280034,1666.7794953690736,1591.6296583159938,1673.0316047749727,1569.0290983454734,1864.0147088743395,2949.9134685455833,5301.788779053418,6293.725745923141,5034.4434628722765,2855.7017936787756,1765.6689220786616,1313.6756313248295,1024.6789414959412,856.4180618377846,708.4595193113418,609.3902798842422,524.1104177139838,473.33777915971,416.7814947270675,393.11017959816326,362.1286489083294],"y_error":[93.78732309710614,224.18985717572747,354.6571115369787,155.92184861452608,279.3458377195432,46.14739665915868,405.99604497419404,247.7591425742469,342.8378772340084,425.5563636987385,118.08838185684934,324.52572969201566,425.39693498453903,313.89807893957476,123.9754720619044,227.6864003775111,326.4314487540553,274.5021803372625,369.03760381018355,57.02997308516389,315.73015460732836,313.5638302476451,162.8598166410531,25.20406224254579,291.1682004542194,222.4289123169405,392.14314059723586,189.80454468202123,279.1328889614506,181.60934580208342,60.960519396052845]}