{"z":9.499999999999982,"x":[5,6,7,8,9,10,11,12,13,14,15,16,17,18,19,20,21,22,23,24,25,26,27,28,29,30,31,32,33,34,35],"x0":[52.499999999999915,62.99999999999989,73.49999999999987,83.99999999999986,94.49999999999984,104.99999999999983,115.4999999999998,125.99999999999979,136.49999999999977,146.99999999999974,157.49999999999974,167.99999999999972,178.4999999999997,188.9999999999997,199.49999999999966,209.99999999999966,220.49999999999963,230.9999999999996,241.4999999999996,251.99999999999957,262.49999999999955,272.99999999999955,283.49999999999955,293.9999999999995,304.4999999999995,314.9999999999995,325.49999999999943,335.99999999999943,346.49999999999943,356.9999999999994,367.4999999999994],"x_error":[2.9432827032432054,3.298644241394712,3.11110072092569,2.0664251558558275,1.8901025276962364,1.859916500277134,2.723748061208278,2.393454273166358,2.657190994247131,3.3473995930773506,2.848285107704915,1.3050176026376497,2.792967329696412,2.608601771367285,2.2036711770077795,2.998609945314907,2.992185764956539,3.604746144596205,3.109679218798167,1.468025847704322,3.6060116736737693,1.2809437189997006,1.9994201497667956,2.480517087496154,2.904007318293423,2.090486140583459,3.5605955354755165,3.2052351379990265,1.787695311518262,3.6289322523326994,2.649437277396463],"y":[657.5900610243334,837.7574858100505,993.6881601489262,1201.3504631611474,1367.0202019030437,1574.9412245195151,1562.2936673987044,1668.26776801283,1654.3518864657613,1582.9472432388563,1666.124724281424,1603.6417436289685,1604.420566338826,1649.2926358972384,1855.0934280175627,2891.6362416434317,5172.6793105211755,6845.203719615129,5110.854825350153,2957.294764173894,1863.5738726119057,1400.3717306702251,1016.3963357222319,842.1742720236309,675.7293713686413,617.3402209142412,534.2206931746699,444.07315262653856,425.30797148823683,394.86529258884025,340.07165558305155],"y_error":[84.05394663940879,178.51390676481904,103.44453263100372,383.29396668967286,309.60294192258897,276.1011626337838,384.8724269378787,476.3051112083524,21.04677168701108,21.25805336509634,349.48031296871176,482.1509902407193,329.30922057902734,347.3687133784209,122.52069450413484,148.24102924398952,409.97193118787646,133.61381702328245,367.6036097386388,179.73259937761776,117.58338566954995,359.81630349117677,232.5332730587766,487.4481089990671,211.30561145780723,408.30941607359216,54.83964858148704,359.42837342056913,285.98476724598453,342.8137018192551,83.07236977426969]}