{"z":9.89999999999998,"x":[5,6,7,8,9,10,11,12,13,14,15,16,17,18,19,20,21,22,23,24,25,26,27,28,29,30,31,32,33,34,35],"x0":[54.4999999999999,65.39999999999989,76.29999999999987,87.19999999999985,98.09999999999982,108.9999999999998,119.89999999999979,130.79999999999978,141.69999999999976,152.59999999999974,163.49999999999972,174.3999999999997,185.29999999999967,196.19999999999965,207.09999999999962,217.9999999999996,228.8999999999996,239.79999999999959,250.69999999999956,261.59999999999957,272.49999999999955,283.3999999999995,294.2999999999995,305.1999999999995,316.09999999999945,326.99999999999943,337.8999999999994,348.7999999999994,359.69999999999936,370.59999999999934,381.4999999999993],"x_error":[3.192688795960005,1.895419940993611,3.623476047658702,3.587385674561733,2.1575335753581166,2.4603464880812718,1.8335409164925622,2.4217060183381127,3.200411801463567,2.554728718761454,1.7833334265363883,3.1034944349236895,2.9416619576617395,2.2000847947017697,2.4223686087535006,3.4873255657461657,2.893377220253684,3.128324660501733,2.6526929302660065,3.2908919450954945,1.5406350303658578,1.7611354098215248,2.9463843695827463,2.1960694559338303,1.7385060320813428,2.9408431438741296,2.6019413441191515,3.2067418945587836,2.9714194536275977,2.72170597563937,2.8627613166036143],"y":[673.4291782768905,806.9852942122442,996.0039806443301,1174.7588552295142,1380.6725362913608,1541.1863374281133,1589.6707251685475,1540.3402677461386,1545.0290847297226,1652.6691216001016,1704.6709769154763,1636.0773720029852,1636.4415113609543,1676.0748056546906,1905.011080279509,2842.5003853653166,5388.48899693496,6736.830544153218,5209.585041441558,3016.1334527267168,1839.7675554497805,1329.8693613603036,1032.7648642552922,870.3873737310996,741.6313955298315,635.2528429303825,534.0313821455311,458.9483045441916,432.52184859429923,382.2755499540317,366.28085870526047],"y_error":[430.93294917790917,135.51081494424366,425.17025778688935,202.0432939136728,168.77793723647662,88.93764684136052,155.50411969634038,146.1413597610143,492.85697776444505,403.49671060170124,188.69556914073704,198.64697711246905,282.2145215537313,472.83280078793865,286.3163913002079,429.7042928057271,68.92957860023053,33.83767188266451,57.18673378405836,373.3494699000094,310.58962582570734,13.799557275544938,70.52312699574247,259.22791094008323,189.37055774530532,216.47700914289868,45.54910060056605,405.6158489920297,295.0884289852508,25.803287876496217,495.9136489305106]}