{"z":9.099999999999984,"x":[5,6,7,8,9,10,11,12,13,14,15,16,17,18,19,20,21,22,23,24,25,26,27,28,29,30,31,32,33,34,35],"x0":[50.499999999999915,60.5999999999999,70.69999999999989,80.79999999999987,90.89999999999985,100.99999999999983,111.09999999999982,121.1999999999998,131.29999999999978,141.39999999999978,151.49999999999974,161.59999999999974,171.69999999999973,181.7999999999997,191.8999999999997,201.99999999999966,212.09999999999965,222.19999999999965,232.2999999999996,242.3999999999996,252.4999999999996,262.59999999999957,272.69999999999953,282.79999999999956,292.8999999999995,302.9999999999995,313.0999999999995,323.1999999999995,333.29999999999944,343.39999999999947,353.49999999999943],"x_error":[1.676520529800709,1.6840481764467652,2.9642954429225155,2.3505661938111375,2.015760793640374,3.457857737302902,3.499791711234028,3.0600276997478897,2.1878893568993805,2.5359199718314978,1.5367853076477909,3.052279692019292,2.360420502838817,2.0030017089543666,2.9524045610784135,1.494165518646355,1.6619096112856682,3.0826791123175203,2.4889720494430967,1.5713562628645386,2.285881139427315,3.435930452637767,2.148155431618785,3.428347772974706,1.8488287293417214,2.113513394808101,1.990388906309076,3.2381880063692945,3.3171443032405445,2.719848114873325,2.882515068627338],"y":[651.9600840538151,826.5396303994343,998.1035459860093,1147.1646873053141,1365.8441261329715,1587.8203475794223,1530.4032962835274,1526.0886990375084,1563.81544302419,1566.502905583441,1627.4989029259832,1565.9468789583823,1562.9444282850218,1620.6766016233175,1736.0724232180255,2841.978474602784,4992.547728610988,6552.172543192276,4852.352289779028,2768.029061400546,1781.235858599233,1365.9886664913142,1085.9840996760422,808.2913136039571,723.873590576957,568.8828399658398,489.3847955166174,468.289474152125,404.25111536180935,384.0315080218718,343.74556211134376],"y_error":[369.19890479606164,251.8034382112496,109.06601190468757,62.25297807045227,237.61417382102888,430.09297416037964,253.52699410330138,166.4620658282485,4.961540572330114,497.1703684985982,143.44189815712716,489.27511588973005,231.1773164401164,421.3590238673668,253.5424903476401,336.96621538087635,261.54873723785374,95.3109324072372,211.96990311922647,197.81614677395888,72.76810252972643,46.73220773530507,94.16532577141945,238.76639406511634,144.18101400575134,89.95545606303557,308.79038427273343,100.2712555364016,111.0205402592237,322.5222636545223,305.9018257567083]}