{"z":9.599999999999982,"x":[5,6,7,8,9,10,11,12,13,14,15,16,17,18,19,20,21,22,23,24,25,26,27,28,29,30,31,32,33,34,35],"x0":[52.99999999999991,63.599999999999895,74.19999999999987,84.79999999999986,95.39999999999984,105.99999999999982,116.5999999999998,127.19999999999979,137.79999999999976,148.39999999999975,158.99999999999972,169.5999999999997,180.1999999999997,190.79999999999967,201.39999999999966,211.99999999999963,222.59999999999962,233.1999999999996,243.79999999999959,254.39999999999958,264.99999999999955,275.5999999999995,286.19999999999953,296.7999999999995,307.39999999999947,317.99999999999943,328.59999999999945,339.1999999999994,349.7999999999994,360.3999999999994,370.9999999999994],"x_error":[2.742227605952334,3.4482370815336765,1.8424931074872855,1.3254947903408947,3.0419412117258684,1.8060419926370126,3.648582705370684,3.4278922051038823,2.7956672666370634,1.2792195424483248,1.8115788404743571,3.3644019467178525,1.9668792621438334,1.3823338936831688,1.965099162845788,1.5895119059569516,1.7192103616718704,2.1855970818596555,3.0631872993017897,3.770882661206284,3.0544812565929966,2.0337290330322375,2.378614315146425,1.722318612964353,2.8316636013672154,1.572467470341188,2.2243486050933465,3.1293970877793225,3.517846837472846,3.4203764363506197,2.849383092980316],"y":[681.3746754567632,808.4978435937772,1021.8871315004636,1246.1657204203107,1421.4187317695796,1661.803239689069,1663.6692976071047,1581.815143405142,1618.805695306047,1617.5363097021461,1630.7372457337865,1666.1785113015403,1625.6625419338075,1591.5289105899342,1803.6739750906497,2943.672195458387,5103.979025329264,6781.48332728696,5442.853619057235,2812.746563100333,1838.2008557158267,1300.4954700102535,1085.7977249933901,880.0987046453765,722.1780193393882,590.526153699642,515.9941128159621,452.4130459886447,400.9958868664632,398.6044618194777,354.1026154989954],"y_error":[78.38424179260018,175.4376872320047,41.69776399281977,151.8182757286918,87.56968104675255,469.2212681577368,269.2274053555691,113.50692901056136,179.968234123557,194.31716326371296,335.004662364459,482.72313174598844,219.21361531547268,382.4275296269136,321.7200095036048,323.9812111906726,186.73523486667264,44.619734547295955,402.82902295811874,183.8310675162006,42.88658635591614,277.9418690228129,51.31015227948576,286.4309564869547,237.95795096485762,80.44372554021272,211.97451569395443,326.6425660309158,305.6676590879337,316.84050558146606,212.7787066363861]}