{"z":9.299999999999983,"x":[5,6,7,8,9,10,11,12,13,14,15,16,17,18,19,20,21,22,23,24,25,26,27,28,29,30,31,32,33,34,35],"x0":[51.499999999999915,61.7999999999999,72.09999999999988,82.39999999999986,92.69999999999985,102.99999999999983,113.29999999999981,123.5999999999998,133.89999999999978,144.19999999999976,154.49999999999974,164.79999999999973,175.0999999999997,185.3999999999997,195.69999999999968,205.99999999999966,216.29999999999964,226.59999999999962,236.8999999999996,247.1999999999996,257.49999999999955,267.79999999999956,278.09999999999957,288.3999999999995,298.6999999999995,308.9999999999995,319.2999999999995,329.59999999999945,339.8999999999994,350.1999999999994,360.49999999999943],"x_error":[1.8619436077861344,3.116418173994519,2.466713489341225,3.4318452996589,3.533550747348132,1.2822744551813168,3.0978410805095224,2.441036007235105,1.381010619154687,3.437444105437255,2.9229949696775384,2.838650943639082,2.1034552677155802,3.123831396552615,3.3532672600764184,2.853991615739946,2.156145769042381,2.0501319481405504,3.2990516585898875,2.6508256448874477,1.480873476110651,1.8236494934528744,3.551689526924498,1.589380862851896,2.522504140452438,3.3782124633267876,2.5907828167233253,2.6851322695871143,2.7592664368208872,3.007282964976697,1.9009780647599648],"y":[626.735274702796,822.2985699004358,1043.159371448118,1163.7423509575522,1430.7407024463912,1549.8678844456579,1547.674189599033,1550.3257007293694,1603.9827349126333,1678.9357573443972,1667.7198533117225,1672.1804475007846,1616.2828854011896,1589.47783432256,1765.647111116937,3015.648540233341,5276.699494123095,6833.0177647929,5101.394050341129,2989.8342679288844,1765.7015043958484,1340.942683281748,1044.081460477123,864.690118154243,681.1892542275712,606.8062022733232,516.0903366497707,451.46352422873724,395.41712389878165,365.21155693335317,330.30330308718345],"y_error":[25.668991568741696,56.781058552957894,169.23101399464292,319.8437039879519,68.21804296758816,33.04806765309021,266.8227987835045,103.20071425089972,168.89082877857155,330.54827423238584,167.25508377504138,281.0706765084577,319.67261291563267,400.91823809910863,71.86605272233093,348.6470792114927,224.12472323985665,218.99775797077626,338.5547808639323,463.01753455893214,115.27749785651697,361.0663075894581,479.11783833719926,217.15296123674398,90.16869689603236,182.7998823900202,328.3173357234871,63.732256457338046,151.2415273677652,148.79024817497054,324.1336729164537]}