{"z":9.699999999999982,"x":[5,6,7,8,9,10,11,12,13,14,15,16,17,18,19,20,21,22,23,24,25,26,27,28,29,30,31,32,33,34,35],"x0":[53.49999999999991,64.19999999999989,74.89999999999986,85.59999999999985,96.29999999999984,106.99999999999982,117.69999999999979,128.39999999999978,139.09999999999977,149.79999999999973,160.49999999999972,171.1999999999997,181.8999999999997,192.59999999999968,203.29999999999964,213.99999999999963,224.69999999999962,235.39999999999958,246.09999999999957,256.79999999999956,267.49999999999955,278.19999999999953,288.8999999999995,299.59999999999945,310.29999999999944,320.99999999999943,331.6999999999994,342.3999999999994,353.0999999999994,363.7999999999994,374.4999999999994],"x_error":[1.426451131754372,2.9048080925710797,1.7848518701727374,1.8938236150487442,1.8702882105855327,3.7099534079710397,3.2369563260187757,2.038224515597613,2.5231190528976906,2.14938080151284,1.9947848045912016,3.687165589849246,2.1719967469274053,2.4506237552166033,2.269726188508097,3.473395000193822,1.5871359370508502,3.3602918256939196,1.8173560577428864,2.897002577708423,2.312990174086268,1.4126044764440933,2.9674414476591773,1.966562342312959,2.60487201550104,3.3297353041513613,1.6867391542107089,3.0185628234963957,2.274316724564656,3.066033593747928,3.2769884160468754],"y":[642.5703545713792,834.8647371728223,1051.833939889382,1166.6381605654155,1428.0461962862303,1569.9749018764478,1630.4886221168888,1631.1998941202164,1598.2291867785711,1629.6551076451112,1624.1009583763694,1648.333784278757,1609.2579084239464,1577.1123211216945,1874.4347869044504,3061.4219311494726,5347.142238948268,6987.309012188056,5330.963026772218,2850.077288344092,1804.1166593100954,1357.7446482849573,1103.244351163791,839.509655342577,733.6644100605303,596.5324114604261,541.1212789075927,456.2242921692222,409.02840494692964,370.06612297239343,343.758000615834],"y_error":[66.70440215424867,441.9504351442158,266.2116457183966,26.142084834634204,254.4983046566456,94.41441241056702,68.48124760268237,393.3340819166371,246.17723105476142,491.11523015999006,359.7433113695888,136.46346484674643,95.73076966369254,259.2112385704939,204.49870009962444,339.211240802082,341.776634541188,127.71435133211395,431.40680796905394,476.86221675176466,95.79837922727152,38.34270465717471,81.5240766535682,209.13596848539163,30.253011226859083,163.92035584783704,201.36000112010365,352.5203765679005,285.2052602421523,246.93562651160818,191.01730306763542]}