{"z":9.199999999999983,"x":[5,6,7,8,9,10,11,12,13,14,15,16,17,18,19,20,21,22,23,24,25,26,27,28,29,30,31,32,33,34,35],"x0":[50.999999999999915,61.1999999999999,71.39999999999988,81.59999999999987,91.79999999999986,101.99999999999983,112.19999999999982,122.3999999999998,132.5999999999998,142.79999999999976,152.99999999999974,163.19999999999973,173.39999999999972,183.5999999999997,193.79999999999967,203.99999999999966,214.19999999999965,224.39999999999964,234.59999999999962,244.7999999999996,254.99999999999957,265.1999999999996,275.3999999999995,285.5999999999995,295.7999999999995,305.9999999999995,316.1999999999995,326.39999999999947,336.59999999999945,346.79999999999944,356.99999999999943],"x_error":[2.9926532486171036,2.9578738645221074,1.690431890496904,1.444643943122377,3.467588123668391,3.0307287295482785,2.8878974785395126,2.9201267216143276,1.2354039619737065,2.994601947641688,1.9902193931956598,2.3564379815731686,2.4937207969753064,3.619177475871367,2.435989767830123,2.3278073845427674,1.5684410058455445,1.9265545479494195,1.6320579365728407,3.53617972284189,2.274771096580608,3.1937052494364853,1.3593572079466085,1.4152623032523082,2.255264393009664,1.343938088843904,2.71177936703016,2.202913926930843,3.5456491600341113,3.3461849601630274,3.295526241582327],"y":[626.283165118715,802.906828488564,1046.121351424489,1167.321689590291,1345.1611345549095,1540.8071914770674,1627.6535052364654,1621.3517923322293,1567.7260149008796,1669.1730437444658,1628.419165954961,1601.723495509269,1532.5503545047277,1605.8492192003544,1879.320304843549,2865.8330704942555,4973.183081731061,6405.045536780758,5198.2861346629825,2764.4500054059718,1764.631052922113,1309.0283800623404,1078.8031985820112,823.4400541753361,687.4397719915924,580.7284414286494,519.5520392854196,459.8790056407808,390.732746338997,379.7964715334861,343.2547113380586],"y_error":[395.9501422578917,209.05607140234883,355.836218107375,169.12284765420858,245.46936830412224,265.2417824035529,108.49188592663562,408.708952603711,54.98158813183795,22.752450490386988,107.29415003149245,303.49717432779556,382.8053135547449,19.725341937065654,358.39936099911694,262.046351028178,374.095532609791,353.7602751780985,385.94775255804905,138.40974643925284,386.58411955958195,275.8890424037592,391.2244501239662,283.41153701279075,140.37413116142838,494.6690303053395,415.1742714563857,490.2292385629534,138.36523348545393,58.814324951676824,308.9195356894566]}