{"z":9.799999999999981,"x":[5,6,7,8,9,10,11,12,13,14,15,16,17,18,19,20,21,22,23,24,25,26,27,28,29,30,31,32,33,34,35],"x0":[53.99999999999991,64.79999999999988,75.59999999999987,86.39999999999985,97.19999999999983,107.99999999999982,118.7999999999998,129.59999999999977,140.39999999999975,151.19999999999973,161.99999999999972,172.7999999999997,183.59999999999968,194.39999999999966,205.19999999999965,215.99999999999963,226.7999999999996,237.5999999999996,248.39999999999958,259.19999999999953,269.99999999999955,280.7999999999995,291.5999999999995,302.39999999999947,313.1999999999995,323.99999999999943,334.79999999999944,345.5999999999994,356.39999999999935,367.19999999999936,377.9999999999993],"x_error":[3.1645030639324405,2.4020015496624136,2.4778111976753845,3.0949803764173414,1.596035725038577,1.7972191159306101,1.4692740616909719,2.3069614504627536,1.8025540925469996,1.8562220518859522,3.4924843798657235,2.9997785369817445,2.9450542643879736,2.7036653174780882,3.367366323918992,1.6191020191107808,2.9674109958499475,3.834150531584124,2.4024936388806517,1.8661360809615202,2.7014397484354724,1.9121217484016482,2.6297617243752067,1.7491810883809087,2.6352680010553535,2.7398105532985815,1.907894335649493,2.24364404609485,3.0073721148622137,3.2752121107511614,3.7164903552819504],"y":[637.823218218605,810.1903507000159,1005.576931609054,1151.4483736749812,1329.6318254035982,1550.533333104665,1643.1907386995917,1527.8145056110418,1666.2269069532235,1654.0227811847321,1707.3110689583946,1699.6741737952411,1566.3977407196608,1573.9823711491354,1845.6510962131572,2837.4581172268854,5464.535257667253,6776.829077365591,5175.337140080252,2893.32764256524,1781.2815654097926,1304.7607925488305,1107.5737684702626,830.5386855980265,722.2084355010863,615.2913924396908,532.6301806449892,473.92848019558403,441.01182446170617,391.26617715626696,345.86075703346705],"y_error":[202.3685517279671,15.366868984008741,395.28767255424026,98.37377068778174,161.51026881941243,111.55005403482387,12.264515720584068,256.68547959392185,253.78096214635482,291.2195677867303,76.85936700656659,212.52410825313405,12.271958837397401,136.7039194968108,298.67689948378285,29.865909914267075,164.75896630229502,304.6461792940968,163.00044135045079,4.244255515429063,167.90866959541273,355.83984150880224,197.29843894014832,172.35395569355327,359.2383588734389,156.6092818972632,57.65360460437707,207.4297758806838,302.0736531122155,93.19775532161233,480.0334723771029]}